id,hash,ipv6,app_name,address
1,737365e050a8b76ccc15cfd1e05f1f38d8ae8e6d8a11d31656533e9d15a218ae,a6b3:366e:c998:91da:e37b:90cf:f955:3e3b,It,Apt 98
2,e056730763db194c92beb3d4c46d65c454717db3e38888e037fc6f892e120d4a,d470:66f4:11fe:7960:d19f:bc02:d3a9:fa8c,Fintone,19th Floor
3,f3a8ee01d80448b80c0f12798cc8cffcdb4ce6efe1d2da56ffe1aa38db7680a5,67b9:fbab:d321:98df:5680:5023:e4dd:a4d2,Veribet,PO Box 72570
4,50f58d884364593f51da2b0fd997f0b36594f1a3606ef62b6b74833af2a66d06,5057:61e7:9f81:ff07:b10e:76e1:a442:bf78,Voyatouch,Apt 1456
5,29d98978ec3a21414316db19f9e9b2a2040c23f397031688573026c6a43f09fe,7753:1738:7205:5a10:c35:18f1:2f2d:ee90,Temp,Apt 1606
6,7a4c4d42e7b232c03f6776a25938cc5d3b314b435b15b88c1c935b8fcf158c0e,a1ed:8ebf:a141:8c31:43b9:ef5:abb8:a292,Fixflex,Room 256
7,68b6153f9c6b796902c5d9a18c1573bd2149692e9332f0be3a07cfbe28fef63c,c8fd:6ff3:c5cb:55b8:a895:b8fb:5987:af65,Fintone,8th Floor
8,a45668ff1c351b062e95467aa79aa4ce64ea1a546c30c5e75857f68f1916242c,57e3:3418:5a3e:2c7:2eb:7994:b31c:ea06,Biodex,Room 675
9,a7848ab3da1a0b74f769ac88b2f3515407cc5934a71aceb6928dbd617a613008,9eea:eaed:1bde:83d1:23f:1796:7232:9e31,Wrapsafe,Apt 988
10,2b4d68572769fa7aa1ca1c08a03c910917bf2cb7338181b69ed88a618e011e9a,90c2:21db:4bf6:8e0a:3ae9:c60b:63e9:d6df,Tampflex,14th Floor
11,9fd1b749c63b5cf342a700dbd97adf30aef65df75c38e220078768e5a762d6f8,dfd7:b5c1:566d:140b:8a17:6c1:c27e:8bfb,Veribet,PO Box 57610
12,1fe074fb0db159db47beb93e3cb3dbcd6b38c44efc0a870b0e0b9801294f8b54,d13:f00c:4b22:d340:e2a0:5e65:fa5c:d231,Konklux,Suite 31
13,d9c8fcb0ce1400b76012edb4340cfd5ff1223cbed6ccfd85ceef2c1215ee3220,9c17:46a8:90f6:967b:4f94:a7e0:3ea3:2106,Biodex,PO Box 12464
14,adb1df45a10130ed015217e913d4d8b5437284a8e3bb71285e4883d2e67d5d87,9bac:3118:d9ae:12f6:6508:afc0:8f9f:ef16,Quo Lux,Suite 21
15,c95fd79b453e6d5156a1f11fa4b965b22191b0c2fa608f4bb4e46b1c3be8c6b6,54d9:8833:edb3:a8a6:9577:124:b932:d882,Tampflex,Suite 66
16,1ff302b80678ef26f7d7cfefc3ea853e6c87dc0ee0b2a56c1f9020351e23a9b6,e535:7c83:242d:92:1f8d:941d:b563:e58d,Span,10th Floor
17,ab13f7ada3c47426212f112e47468a46acb46c47698667cee7e5542203772c69,d56b:1ab2:f3f8:434d:952d:422:df6a:a999,Home Ing,Apt 965
18,5a96e994e520c049a83dabcafe03625b597bae5f205d67ca8a42488f5a1204fa,4bb9:a1ea:ea0d:966d:c102:dcff:b7ec:eb76,Aerified,17th Floor
19,047e29bf2d0604de4ca265b7a43436fa0c4312c37e22f08fd3a42d854e57d192,9594:6930:6481:27f3:6f71:7474:c5d2:8c1e,Wrapsafe,Room 525
20,9d292ae42a775f3aa788cecb10c6f2a7e0212327accff0766da2088d05c13ef3,bb0c:8ddd:f259:65c0:45b:ff2c:46c0:7156,Quo Lux,Apt 1721
21,e9ebebf5763390203730b6d0c363c748c281b12db48a74c242e42e91ad3eb423,fc71:549d:b182:4b4c:dbb7:fbaa:b4e0:1a5a,Vagram,3rd Floor
22,166c2fe53d7f030377b6a9cf94e823d4e45ef8219b5dc7204df0b2698327701e,b7be:2858:e466:1247:a17a:2bdf:1ac:3ac4,Pannier,Room 165
23,34b27f3463aeed463efd255ec7ef31dbc0a2ec5c3cad369b74e1045154797684,5269:36ec:9be3:c879:241d:1bc2:588:9fe1,Biodex,Apt 735
24,79faa5c584c7525220cd1a6603df386d6f614b08a1df5efc7d4300eccc9ab3a4,da5e:b580:7321:bfca:d3c8:afdd:5a5b:b49e,Stringtough,Suite 89
25,0f168a30a24768727c2e8e2220a1ecd9e51631f64f7d8cedb113ab2fdb524381,4dde:fc8a:ee80:fcbc:6ebf:728d:7242:6d9d,Home Ing,Suite 90
26,ac2ec071de755e2f9cc81134d0d4702385f030f153222615039954a3247c45d6,3171:ca4f:dd4e:4170:52b0:8fe1:1dec:cbd0,Subin,Apt 148
27,96537065d140be5b4c27efe4b05e5a5e6a20e47ba876290128b2e93d4d8dd37e,d691:ddb1:4b68:ea1c:421e:331f:34f3:78f7,Daltfresh,Apt 1357
28,e8e009ee45eb935cdfe889e2e4cace8f61471d04db67524e80fe4e16b95504aa,8abc:611d:b894:53d2:e88d:6d48:5b50:54b8,Gembucket,8th Floor
29,29ad14aa2951c1055e4a850eb8cb4c766742639ee75e3083ffdedad72720b2ca,1245:a59:85ed:2ce:e715:db61:55b4:8bed,Toughjoyfax,Room 1192
30,48fa3a33dc47ff90e95e35169a21f3bdc8feeb23905f77e7aca50b44f496586a,def:ba18:45ee:a9f0:9020:f52b:bb7e:4794,Regrant,5th Floor
31,e28e383c6bc4bcbc3994e3d0da371e587491f3cb3003e80b58e6a54fe8af619c,8ee1:8108:8314:b683:3d14:11b9:517d:55dd,Ronstring,4th Floor
32,86b880c6de190af8a1d0ab9274578a1107deb14c72e57b9c8e8ce6cba9c6ede3,2c85:2725:577c:39db:51a6:a2ff:5ed1:a2e3,Trippledex,Room 1685
33,5dcbccc9d673efdcd8a2c9decdbc32ec0b7dc490d08a0758bdc3a63ec15290f8,af8:f7d6:108e:764b:418c:11a8:8dd2:2fa9,Cardify,Room 1931
34,f12b54bae99dcc6e6c4c09ff761c6165906021515d3d6827212a1933f6a791b0,d783:477c:75d1:bdc4:9d8:8333:6eb:290f,Sub-Ex,Apt 1114
35,f14f99857c3214029627f4638c078c435f25179ba6686ef135d53679625a7d3c,e1a7:a366:f51d:b6d:95cd:1e39:4687:3afd,Sub-Ex,Room 131
36,6da083dee52fdd05020a58114c15853ad736210e2e52303bbec12f9c27947888,c615:c744:8516:1acc:491f:9ed6:d156:3756,Lotstring,Apt 1696
37,2582863af74fea297cc2d4d63322e45f0b002f533a27bab7f96e7afc9bdeeb72,8f17:7e4:a9f4:f2c3:e931:9aeb:4e16:5cd9,Cardify,Suite 9
38,a2367e96c3caf571f3299194453ceaea054192ff07a946203144cb185083f290,c996:296a:e42d:e041:65df:3d75:3149:2075,Transcof,Apt 591
39,f9bdf491f1d3c6dcbb717f3578e27582b327eb66f5b67e951ffd6927621d4219,e494:7998:95e5:dd00:b843:a0f8:30d0:4cb4,Hatity,15th Floor
40,34f9f05917218419884ec82693bcb3962822b7c369eb783d8002fa7e76134e68,6dd0:3bea:31ec:a5c2:d7:3a68:d46a:d785,Veribet,PO Box 85180
41,ab5469f4b74c5f151ab05e51fce727fe57b2ca9f1a3875ba98db79780f6e03e0,c897:41ef:e119:7b0d:1756:1e84:e078:422,Wrapsafe,Room 869
42,8d4e48d16156b054b8f1783e611db56776b11726cc441f170fd786354b2de24c,3be6:b12c:4144:50a0:93dd:efa3:7d33:124,Sonair,PO Box 4189
43,4cbb67d1e1bbe88700b76d8709874f99b3f10078bf9f73f601212d900a271d80,55e3:58c7:894:91c3:de6c:20d1:56d8:4641,Cardify,Apt 835
44,57f21fe872aa0010904c411430c2c3633f2815385eb2d3fe898592a8da5323a1,85b8:92c0:9d3e:e2aa:f690:f62e:aa42:3715,Lotlux,20th Floor
45,65e1decc1502197d80c08d32485a8db5019fdbab5ac208946623de71aa4a59d8,2bf8:dd1e:b08e:3e24:14c7:2ad8:6b6d:a793,Zontrax,11th Floor
46,0f5e27fb5b2f36c115216e13abbb85f2a033accac19a6df0dee68ce8e18fa0c4,3c8c:60b3:5a83:736e:fab4:7209:facc:de85,Temp,Room 143
47,eb33ed01639e8df29de08ddbff568b2b4c12aa812d1e37aa4ee90a2f1ce35d0a,d450:2b03:740a:5ef0:6ae5:7dc5:e3db:e308,Toughjoyfax,Apt 1319
48,4d3b582085b17812ca745df6ef331ae645129c6344b803a93e96fcbe5fc07273,d055:7370:dc2f:c968:5cae:1fb9:486c:491c,Rank,14th Floor
49,cb6be62705804fd8f9cd1f7c91a0f029ce43dce9020edf2536ca282fcf4cc25a,a4f1:add1:21ce:342e:c707:3a6e:1a0:3f5e,Sonsing,Suite 45
50,ae4c43a73b6608d36545e34d32c520c374b2403f3e8eb624f816688776bbbc96,30eb:9c4a:cfe7:3a2d:6141:9c56:8545:548e,Otcom,2nd Floor
51,03d01b550de92b4dc260d28952c553a2103f9705f71103106b57156b2b7e9ca8,b860:34e5:193f:2a0a:d718:e438:98f3:62fa,Alpha,Suite 78
52,1223ba9449de18b226d835af345896ae5caa3c16b1676c2903da82bd20d2165e,b32:9d6a:602c:a43:a4f6:9b4d:355b:7eb6,Job,14th Floor
53,b9ae6468005e012840b65a558bc75efbfa8781819a4c87ccae62af9ebcdf52bb,37e9:e7e2:293:46eb:450f:ddc1:13c3:f06e,Bitchip,Suite 22
54,c41359412c9e6f7c0c35298a00a4c83ba17008b3f4c6002360c897a3f73e6e38,8291:9894:1445:585a:36a2:5a4a:5efd:409c,Span,1st Floor
55,f681291e796d53de6281b442c579512fec34b859a07bdb247d0d5b758e7843e2,9aae:e8bc:fa97:23e9:9718:c9b8:12d1:d164,Otcom,Apt 855
56,4f3ad655bca8f411a564406e9f6132552bed79bfb476f04ac8639fa671abce14,a0e8:d737:ef5a:b4d3:8633:5513:af7d:e2e7,Y-Solowarm,PO Box 14126
57,2db564314921b3ab9f080c2acfa3e9aaac5d8fad6e7178a4bc56e3aa60705d8f,aabb:5f9d:f07a:6769:d755:4630:87ef:a42c,Solarbreeze,18th Floor
58,d771480be436903349037286fe89631aad290a80e67e49800023cacc62910a77,770a:653c:b54:677d:93c0:696e:eefe:b653,Asoka,Room 812
59,2c1b859b3deb4b6d262836552ee68ffce04ec4bd0416c6371d0d6b36fff74f33,e60d:f5b9:6dfd:32e9:b7ec:9a18:285b:f17b,Treeflex,15th Floor
60,e0664bcae5aaa20ca40d85adcd3333dc308ffcc21c72da723e4c38d98124725d,68ae:9daa:b216:f574:f124:5608:a3aa:ab88,Home Ing,Apt 166
61,f8de8e080c5e50d719e80ebb5a91b5472180b625c8200127cf183bbe236b6d80,cac:d6cd:6a0e:bb7b:3041:536a:7455:eb08,Mat Lam Tam,Room 1673
62,ca317e6157c87b5c27ca6d4fa3136122cc9e60d075773f8ad101602fb8ac053c,edb5:ebab:59d2:86e8:1177:febf:c18c:814,Tempsoft,PO Box 86928
63,6b85cb0dd3a64b402aa53a5e6c79e00e7b420da953e3dbf4282ffe4a14dd354a,604b:e85c:8dd4:e817:a25c:ef10:4081:c431,Konklux,Suite 17
64,3c9e51c36f971a5ba23581190e766ff6be2e6aeef84afd7bcd1c7376d4eca364,bf1d:cdb0:2ccb:757f:c8ab:d768:dda9:b823,Tampflex,Room 1788
65,ba754f0d8c4cd1187482266c716d21b8fdbca5548206cd496cd2301707da7494,ad65:9d0c:d3c1:d86a:f5c5:aaf2:d538:9b3c,Subin,Suite 10
66,8aeac52f4b3f5143fb986077f4f9a9454560468b7214e3dcf50174771825a953,4620:f410:c3fa:edd1:2910:2edc:aefe:2fee,Temp,Room 383
67,09a0bc269cc0d4d5cac3c7061872016ef69d9b80ad38038d0b1572063e6e779c,a527:c373:c541:6331:3722:17bb:b6b6:b2cd,Mat Lam Tam,Room 381
68,ea126e55a816dd18428d7d5d3947a97ec88193efce82884e57cbafd10e861cc6,c59c:44a0:9c44:5237:5a78:f8e2:3eb9:3118,Zontrax,Room 508
69,d05a14daa7f958f006eac1a472ff7e6982ac0835a12ab55bd36ab28970df4e37,491c:7b90:3cce:af6f:e22c:fba6:958e:5f9f,Zaam-Dox,1st Floor
70,4dd6b93cb30d549ea563c211b709be25cd005865dd157f50944c2236ebd8b8d0,f77e:7568:7901:c70c:4fbb:5487:d275:8939,Aerified,Apt 1692
71,48d1cabd55e7d8f984c33a63c063c383efe69e95310a471e438711bf12c55aed,3972:4320:cb68:9c39:c2ae:768c:374a:18fc,Bytecard,PO Box 54531
72,d3ecff1d6af52643375a36640522f3c1389c381a6a684d0fe8105a0f38adede3,e31a:fc28:b635:cb63:7cbc:af5b:8e2d:7e2f,Alphazap,PO Box 38502
73,6e1c388c006fc63e67baa4e788a57d5ad2b4e16c05bef9333698e3090667d6ad,429f:df79:4a70:11ec:ed7d:b432:786b:e311,Stringtough,PO Box 93532
74,f85b27bf00d7588acf69f0623f54b7a3a4278dc7d830bf5f3a3df8e33641e4e8,4030:ccd4:28c1:73b9:e2b5:afb8:531c:5eb1,Tresom,9th Floor
75,aec6d7cfb5def71da47a17340be850faed27a2b8c3e95c84925eb7b799119b92,55f3:d09e:cd20:26af:44a8:677d:f0c7:c839,Alpha,12th Floor
76,9bee43f049ef5428a51b752d9a0013efa7632ac6ba2fe547dfc782b799823af7,84d7:e04e:6bec:f7d0:8a3f:ee4:72e9:fd4a,Trippledex,20th Floor
77,b35eef3392d924b43f633967e0945a36df3a269e2bc48cc28fa55d9e7c5025fd,2d2c:d347:eab5:86f2:6de7:6ed7:71aa:59,Voyatouch,4th Floor
78,276d2c84826e83d8b82df0b0edaa83054b303b14e2520e3e23cb2d35e564e801,eaa1:393f:ab87:7668:c9a1:1858:e6c5:f696,Span,14th Floor
79,176d5cdf93df51f2df32c91f3b46fc786290200c8bf3e4fd4aea3d71a8b07071,300f:de2e:85ee:eb7b:f7fa:a542:c6b:a4cf,Sonsing,Apt 1620
80,888dfd95d7d89b7f66eeecc222c95b8821ac9a95fc555af8d9cc61455846cf21,ce5a:8f7:82ac:7b5f:9284:26a6:fff8:d79b,Otcom,Room 1721
81,ba502e65eff59157c0f9f761ddbfabbedda3d6be23351952cb36c895ffbd8400,9863:70b1:b8ae:ad7a:a6a:3106:8e7e:3a86,Transcof,Apt 200
82,394a36e8afb54625c10e55dc0217027307874c70c4cda44f5a9744378472604b,ca5c:7244:87ad:76ae:2582:1b5f:6e97:9364,Opela,PO Box 34660
83,398d6ab6ff499ea1875fdccea7c043ce22f428b25b77478c4f375876857a4ce9,3f71:99d3:b8b9:4201:4096:97a5:52ae:5d09,Asoka,Apt 1607
84,8a2f2a94030cbf4a6bbab96f32c809dfd3b53ef3dbe90b9a8c388354fe68e3af,364a:aed6:dac2:3e02:de0b:dfec:61b:6cd1,Fixflex,Apt 1642
85,726362445642f643a80e27a3294ce3733331755c539c410d368414ec5ff61287,1f5f:c808:105c:3fb3:956a:de76:307f:51a2,Konklab,PO Box 88034
86,c566b8ddc3d253f83587ef11de4ef834664d0f45e79578c783ce4c9fdc78a69b,2244:9a99:2bf:d560:3ad9:50e8:2e:a47c,Regrant,Suite 80
87,6fe482970d7087dd044113769006d0eb628fefea449309387828852e745e8a6a,fbe2:637b:dd51:c8ee:b800:dcb9:f945:9f7a,Bigtax,Apt 653
88,526fe0bcc2a27453f7ccb9aab923b753e3983be7969f0231955845b0c8656a02,aa75:e9b6:3946:4b10:a27:2fc4:8731:9daf,Hatity,9th Floor
89,43e7ec9bf460f7f3acaf3a6bdabf787e50a22aa1b491ceae45da0b4e9dfca35a,c0b2:711e:a122:8186:e34f:8768:e6f9:7f72,Holdlamis,Room 554
90,b552d840217ec38ada1e62ba162688c62fe5d925c611d047187c0b073f1ef6b3,1e58:6cfe:222d:f49e:d810:af42:b32:a5d6,Keylex,Suite 4
91,d60094b801cc10dedbacf4e365350f2c7e2ea1185de361f826ad774bc18e197b,2ebf:964:5426:8ff9:bb52:532:9ff8:2afa,Temp,Apt 885
92,bb64709477dc380277c9f489d704b9ec729ca8e9cace62a35d7d66ccbecd0067,a978:4783:317f:cf08:de44:7b4a:ac4c:3ed3,Bytecard,20th Floor
93,ef202511d6aefaf7144da1faab556dcd1edf5dfde82293395d4e2d8906559f45,bf5f:a579:46d4:32aa:fd25:45fc:7b91:8ac6,Zamit,PO Box 5343
94,9210a59cdee72c18979ad086cfba10f93580989833316d64356b939627a32366,9e23:1c05:f4e8:f492:921e:cb2a:46f3:cfb3,Trippledex,2nd Floor
95,55666324a5cfe86606a78300d01bd22e4b81244e4dfff35dc35f111e18ab4ef0,a9c5:d7e:fbcd:e410:414a:7581:3c1a:b028,Ventosanzap,PO Box 42846
96,dc7511fbb81e1db939876054afe4276f054e30cda02bf15d168077be0e72433c,b62:d0b8:ee01:1181:96fd:7c00:2f1c:fe0d,Redhold,Room 1417
97,a509715700fcadd6d449130ca22da6b044d2ae068bfc2e1130689e86240e7b18,c706:2435:eb95:7099:ca33:1e9:72c0:dee5,Daltfresh,Suite 91
98,80267f44efc7c31362c89648376493b74e7c84355125e11f91f27d309ffa6f29,35c8:f445:fde5:7066:45a2:f7bc:6300:f977,Zontrax,PO Box 86933
99,580a461c170ba716f7d2a4ad0ba2c2962b4b447ae59cfbdc5225b8e597259b00,3df7:5a4d:7e69:b9c:4136:41cf:6ae4:f1d6,Wrapsafe,Room 1100
100,2bcae624216a63a90902fb2c4fe13dc08bab837f8b04ab27e21626915854bbcc,c154:53e5:fdc5:c60b:afe0:a5bd:95ff:7f3e,Otcom,Suite 56
101,83a6cce6aa1f202e71a0ddd08db30be9da8a3b3fb8cbb7260ae521ddcbeeb686,6bdd:295c:1f74:8f55:9006:e474:5e79:63a8,Tin,PO Box 94729
102,9f6fc3c6902e61ee50b795d79887939b17993525d4b51afe0d315f028ccd3a00,ef29:b4da:4f70:ac63:1928:1ec6:28e8:21f9,Toughjoyfax,PO Box 96167
103,d470a1eaf61bbcfc71766a7b4c35d51fa63908992d30742b310a33cd679ce298,ebfc:19ab:ebc2:65e8:7ae3:727e:acc1:c3f2,Zaam-Dox,Suite 84
104,21e723c838e1b8d14c6dac53e277f7f599f74714f908e77740efb11cee42cb62,d5fa:c07c:e26d:d2da:e9b:3962:9e98:df4a,Viva,Room 1060
105,3a430fcc3129106b4e527b547b774b311d6f8b7a132d23d5e0023cff3ce5f512,c6ed:df4c:f7e8:c7af:22c7:e39f:f6ed:5d02,Span,Apt 536
106,e33d632188fdf303c2fe84fd94b6cbe091e3e1958a7e4e1e9cba85e7406a8d8c,832c:486c:e23a:624f:dd38:b191:e87a:2ef9,Cookley,Suite 83
107,084eb09357b634a13dc940a836e4ef7c60e3f50a1631c9da39b5911543eaa4e0,4475:e89f:57d8:87c8:218f:f72:ba7a:4bb1,Namfix,Room 1044
108,bfefde1defa5033975efdf9518918830e7275de0033ace09f001052ff7e862be,8ab4:652f:5cf3:43ea:e443:31ba:c4ae:d54a,Kanlam,5th Floor
109,422a472535c2e48fce852c571a2e781e7ed0553c20a90d93f087b05baa3686cb,2f0e:92c0:e6cb:9c92:9d0d:351e:1c02:ab81,Hatity,Apt 997
110,f8a262307814e7913337bfb53e09e7ccfb6f194f374937b9aab25f1da96d9a4d,88e2:d420:4828:c40b:ba40:218a:346c:dafe,Otcom,Room 53
111,9c64de9e3d6a26453e1b5cac233c52ffd6a51a8080f491d88cfccfc005fc24db,36a3:307b:fcab:401:4e02:65b9:13f:28b9,Toughjoyfax,Suite 99
112,87ae09ccbfb9190deb50ea9f97babb62fada11e73df22cd2c6b988fc630b509f,b7f4:eaa3:7c2a:fada:2ebd:e4a:2971:6544,Y-find,Suite 77
113,ff429109082ea556a908c5f0344477664201ffd986d873151e0693f50cb99bc3,b9b4:d12b:2b2c:8c85:15c2:ebb1:4663:f332,Pannier,Room 401
114,a4bcb0e68b7074a86dae6f3b7efc77e0bb50401beccad4db81c8877e4600acfd,8ac9:e3:f6ae:f190:b225:788f:d211:3f0f,Rank,PO Box 55174
115,b6ac12207038460bb4e0cbcd834260bc75be6fd3de79d3fec72107039c7e07e7,7d23:9bb5:7136:fcc9:d76a:a272:c311:78f0,Zaam-Dox,2nd Floor
116,4dea3993d2c7c21ec419d25106f2b60d613f46a77146d4cac29631dd118f5427,69ea:d070:957:3bd4:65aa:ba8b:a05c:477d,Trippledex,18th Floor
117,602e7367476a504950dd7b3f4824436f96857284c0cf395656c7d7d7e6f72dbd,5200:edcf:d9b5:8551:aea2:c6fe:30da:2d40,Flexidy,Room 1763
118,c10c04b491a2faa1bf5c98efe36bdb8ce6ba9cfa3caddb154fc414fabfa08be3,bf96:c5e3:b7e5:23:e6f8:9c85:7472:1e0a,Hatity,Apt 1930
119,cc6f02b81d06a11f5eed172b8cb235edecae443b0811ba80a0487a37ea03b8d7,a240:4207:3bc:a4f8:d787:1375:27d6:3302,Holdlamis,Room 346
120,e4f018ed95a26a0bebe4b36191f05d5256363f1e02adacd27dd8925430b90648,c27c:9587:e3dc:6785:8ce1:1737:8c78:ec01,Quo Lux,Apt 703
121,fe685de6091d163e4f72a7a8a2913edaab0e2fef17a08ac974c8a39e64b440ea,5d2:7c3d:ca7:9374:1f18:48d8:2fdf:50ed,Zoolab,PO Box 28618
122,96a4cff730726f72c3fb188738e6d6c5a4a20baaed725e1fb2bc1070bdf5ddd4,dbf6:71e3:81fa:68fb:eaf:305d:596a:81d7,Sonsing,10th Floor
123,7a2e7851bf36b47127860bbfefa3bdc93440ae695f14bd644cd1e96f7b661541,5de7:ea73:d9b:48e6:3588:5bea:1ae4:5704,Wrapsafe,Apt 124
124,0a7d567971a54b5e2160b43f470c79b9cc4c0e4be2a468862ef7c19c03cd162d,8cf2:7807:415c:8171:31af:cb73:9a7:dcf5,Tin,Room 1141
125,2a4e8c98d3aa74380556bf85beac1423fc408de1b33eaca641f6199cb0be50fa,df4d:71e4:a583:32bb:1b79:fe1e:a9a6:c1c7,Tampflex,PO Box 4247
126,2c54ffcac10f1874537b22c37283b64eca4bc06afde14d393c81cdb885c33622,89a1:8f2:e95a:cb3a:f779:3b7a:e354:f9de,Quo Lux,6th Floor
127,9a30e9d42274888380ad8db61aec12db9825c9a844ad4d7050fbe2824a6fd78f,7696:967b:78a:38d6:b1a8:ba69:6bc7:228e,Holdlamis,PO Box 53943
128,b56f2c8343e9d3b0093cb13be3d21299568ecbf0d9a6f720b87bde92f55820d3,37ab:a411:685b:54c4:b923:311c:e77c:61e5,Aerified,Apt 1304
129,1b5c83bbec0ca358e8ecab3139aa7e5719a862299008d1a06edb9f739c4e5c5f,e41:be55:6d3:3a2c:9f4e:a787:b068:2e93,Cookley,Suite 76
130,1be4f058fd0f4d6771fdde546826baab164a2ec862050ad274149696615fffbb,6b7b:967d:7742:6a8f:ecc2:9dbc:a3b:2eb9,Zontrax,Apt 27
131,ba8ac402165ffb4b3a7c115654fb8252e49cdb4e99a5ec7c6b68302df19d044e,febb:980a:99ca:a6a3:5d99:c960:5761:f73b,Greenlam,13th Floor
132,4f71af2252cbde89e5804d175dd012f0324db825b80da62bde1e758bc5be820e,f9a9:daf4:c1b8:1e99:89ff:3a7f:428c:8524,Veribet,5th Floor
133,3b1b942160c03b7056071da598c963c749abd144d24105483323b569b40f7ec7,ce0f:188c:284c:5d85:5312:adb3:ac8b:b558,Zamit,11th Floor
134,fa189f46edd3af7f246e382e5fe31469e4c840bfde691f755481022d1b6b8ff8,7995:9f6c:2511:d77a:dfaf:d9a7:5740:c769,Bitwolf,Apt 1216
135,f8b476374e7e4e06cfb26f514839f03aeef4fa93be316820247133bea6a413a7,3b0c:ea7b:c7ad:fcc7:788:792b:8891:c849,Span,Room 1418
136,1c2f12120cf9aae3ac2c5217afc460c7818e61a34b44af1eaa317c1ffdfc9a4d,4d9f:a706:e601:7904:797c:a6fd:fbb4:4a6a,Treeflex,Suite 47
137,a424c40267a1680b96a79001702c342fcd71e051cbd8f66cfaece2b20876d128,3aa0:7b59:6ac0:6396:e659:9cc5:a02f:5409,Treeflex,Apt 771
138,3679502316ae87d0771261d64ddbb919faf5bea2346972cf0c0a8836bc7798cb,259:65ae:d56c:6082:cd11:52b9:2920:1b17,Namfix,Suite 80
139,72bca8c81febb05f65507c7effaf6e90d2d0a850b05acab8584cf441021fc862,e3fb:b7b3:f8dd:aff:1ea:f6da:ee4e:9207,Transcof,Room 677
140,a32a540af20fcf9f8d44db3fd74a8a33ec01fbe8eecfc55f5ad8c28b4974dbc3,a4d9:509f:7f:ed8e:6633:df17:511e:96f6,Home Ing,Suite 49
141,e20e03848fd47b650a1b228558b279b59496997ceaa6fb3a025a448e70b200a8,b4dd:4a60:8e68:208:51fa:5b83:c752:c76,Wrapsafe,Suite 54
142,5c851c1159f0d954bcec11705e5e1a9a6145b1af3cb45bcb356a630b8036f436,1257:43ea:fc1f:60ae:b1eb:f8a:b3eb:bdbc,Hatity,Suite 28
143,26b68996b37091401cf533cb103ea2922735623cbf8db0699979fcb06fe8f32a,e6d9:f561:984a:a0f1:b6d7:46ce:2289:d883,Tempsoft,Apt 1607
144,b6b855f40b17292c38844cc9fcb2158f88f1106aff906e4e77fce0a5af9e2ade,7633:ea9e:58bc:c8d8:51e5:d547:bd4d:e70,Matsoft,7th Floor
145,168852289a224443b224df0c30582d04883726d982955c4ab9fdd494425f6066,df53:aee2:1d40:a34d:656d:ff37:3928:21df,Keylex,Room 513
146,676bc823049ebe4a3dbf9d51f7d8c44278cfbf235daf2e7377d33ad8ef6f6fd9,129f:1226:afe1:6da7:e9a8:d61e:659e:e7bd,Alpha,Suite 1
147,e4c31e3331916080af637935a99100c85323e57bd0089bebde775c9f5da3e5c8,1593:d1fd:c6e1:c93a:540:a953:f90:1bc4,Vagram,Suite 31
148,ec93c19aca91ac3b5634862821c57e6540c6e9860192ed95861a5314e4d8c372,88e6:9c89:a9c9:d18e:1196:6187:6c32:3de4,Trippledex,18th Floor
149,55d4dfbc6314482ebee5e02a1d3dd67a2d7a17a08c812ba89472a7b8fb9839f5,61fc:cc2a:7cb8:e70b:ca9:7043:7341:6ae8,Bytecard,Suite 32
150,a34c320f8a4a67c1926048c8281aef0d1fab823e5026bb7ed298918b0556a1cc,cb31:7c62:c6bc:4e9e:9333:bb95:d30d:391a,Temp,18th Floor
151,db6bdc45236c3e7a13d8bdbf101e6ee9423988edc0626dd3b90b6e6a8167a39e,989a:2543:69f7:a37f:ea27:c439:d249:eb3c,Tresom,13th Floor
152,e5e44e125f279d97196dc5bbe8d9b271a98647ba703ce432bc0a9aeec595a67c,e355:b1d1:d16f:15f9:e1d0:be73:ab3d:670d,Regrant,PO Box 93198
153,0a49b03b0e2a0822eb118a841a608353843929794c3bd3e64d5f3457307c3605,75fc:f690:c709:1e56:6255:32ae:c85e:8198,Kanlam,Suite 88
154,72bac2f1b5397d63d641bfa2daadc7a17585c38c9212950fd2e18d172e7a2390,ecf3:d676:1a4e:9515:5573:e84b:4651:9551,Job,Room 67
155,8730a04afc2228c64ff165c1b5c378586b4409c7733436d34957c5ba5213a5fa,bbae:baa9:69fd:7963:91b0:75c:f17a:d338,Tres-Zap,Apt 51
156,f200b08735f08368c5396ef5e13eed12615796ace3a08fa9e90e30487f11db7d,8285:d284:8a17:b854:8c28:a6fa:f5a4:f2a5,Lotstring,PO Box 48009
157,cd7a4e84b639cad11f989b172c490859d1307007b90e25ea70c4f5bc8f6a46c8,a11f:1bbb:9239:feb6:24b0:680f:ec9f:d05c,Trippledex,PO Box 22220
158,49eacb635bc90387dd22e6ccc0e859e88cd3feeb18cb8b471864f59a4a5d6a89,ce4c:c8e4:70e3:23c4:974c:9878:40cd:64ca,Prodder,Apt 377
159,fc9a3185d28ab323b19b21b1b7e5fe4a396ec8fde254b639e250ea7e0d70f160,1f0b:5fd5:b2e5:614f:9df4:e4f:44c3:e756,Fintone,Suite 61
160,172d6b3286278ed2a9097d27e2b35e5c2a1c81cdb5867faa313b483f14db73af,baa7:e637:ad10:7ba7:f429:976c:f262:8919,Tin,Room 510
161,f73750aa8c976c318072eb00ffb4c053921831f21b63598681a127fbcf8112cb,2a44:c03e:c2c6:f346:886f:cbd3:8156:da1c,Overhold,Suite 42
162,d7e61ce8038a6c1e4f4eeebce2da467104760b3e71406b04e14e2eb83b336c08,813d:9b09:3586:f631:5db3:4202:c3af:1779,It,Apt 1049
163,b0ce60e61867852b30560bd1da7373b143c93189e9aef8a0d160ad7d046da107,5798:f88d:83e3:78ca:ea11:c774:2084:77d,Alpha,Apt 1658
164,86874d6b8756394d5403b01220dab6d369c3f7f395f1db736530365bc9ed7b67,4d72:4e5e:203c:64f:449b:af69:5c7:8483,Cookley,Suite 74
165,712eb4659640ab774e90c6295ef62822a5cc893f7752359697ca883e84522831,76d5:48b3:c333:2c1e:8a79:e153:62d:f6ca,Namfix,PO Box 97772
166,4ddc53102ee47f4a07b27504e338eef596fc4c028363dc91a05efb49834306e6,ce2e:af94:b5a3:c2fa:d441:c31f:c91a:f9f2,Prodder,5th Floor
167,bd9accb89e60840c1d7e96cae48f061b10293f0a071ea92270564f3c76c2496d,9dde:25da:c48e:a4b4:cb4e:802f:bc4e:ed9a,Job,Room 1182
168,aa94488f083bd020935cb38b04a923c04bd639d254a7ed152be93216c8ee9b79,55b3:ab61:9b26:38cb:798:5e66:5e8c:4440,Bitwolf,Room 1434
169,9d5b61f88f8a308a9f67856db5298dca64fc8136105a2ceac574cb137eca6db1,f0f7:e66:7b43:764b:cb82:dc0b:4403:a4e7,Stringtough,Suite 67
170,6ae4c088a638702d6dbd96480a99be3be4bd3dea8ff35bcb7289f789268cf6cb,4982:1b3a:7384:a511:bbf4:52c9:3bc5:b6ad,Asoka,Suite 68
171,6cabc433567283fd69b6f328aebccb1bf36c5d77b8aae7f83fccc762bec66244,58d:bfb8:942e:d9e1:daf7:570e:74d6:12c4,Bytecard,Apt 1111
172,be081195ce2b359f004350b16136e960fd5cfd5e91c4880b656ab43afd5ba4d6,391c:2a7c:e356:891d:b8ce:6c15:346a:e223,Prodder,Suite 2
173,a1014c107172214b5877e28f2ef5a1d1e284d869841d3697d84389c9dabbeb68,6006:3f7a:9cbd:8a72:c06d:a366:7b3b:7337,Stronghold,Room 55
174,05625fd3962979fca2cbce43b2cefe062b102f2cc58b584865f42626a248a673,1bd2:6f04:e79c:4a44:80a8:e4ba:a619:35df,Sonair,Room 22
175,740f8bfd780028381489d4b3ef9f9a93157e877c5649dfc4cb4ed2d6d6669022,6c3b:cd5e:a8b2:ee10:6a5f:e2c3:1681:fefc,Sub-Ex,Suite 83
176,5c38048e1ab2e757fe4346bb3c48da5afc371809bd1d85a6c26703174a46551a,3979:86cc:d43d:b6e9:f702:993d:a9e9:be26,Sub-Ex,PO Box 85967
177,24ece86f903edefc56cd8744d0d109f20f61dff29d2e888207a69dd721f48747,fac2:be99:8bb9:f23a:e7:750e:d17d:23c8,Voltsillam,Suite 82
178,5e0a951ccf4b3a4a163978013ab0bd24c3c74d31596a08b8175634c049650ef7,ef90:b09a:622a:272b:988e:4772:a6d1:f3ae,Rank,Room 1630
179,986a49d9d2cdf6740da2c2077ba818eb8c3a7dd9898a05f240d9bddbc8f43c11,4206:a5de:490a:74a9:c987:82d6:2289:2c6d,Holdlamis,Room 1595
180,a7e2e359ce60b1af2cf57dea84f3c7c43bbca26188d3304029f04e11d7f8f2f4,3701:8504:91d8:4ed:4037:cbe5:324e:9b65,Alpha,Room 819
181,bec5fd3b5a0477a885d4e30020a7d9ebf1949adbbc0a56c815ff9f976cf12bd2,37c:b1f1:e486:589a:e7:de41:4d29:e027,Cardify,11th Floor
182,42dd4c8fbf6071007b2ce9cb556ff6bb67f6a15e73ccf8bfbb19ae80d5c36734,f235:d08:aa85:c993:539a:72ae:333f:da7f,Tresom,19th Floor
183,d6184ddd466287b4fe8d54d68f0a91a2198368e5dfde7d30b702bcaac3728f53,c5c7:86b1:4086:c058:d408:3656:7793:851,Ronstring,8th Floor
184,d1092fb2b9526a3ddfd634108a87164e8d7f8b5a8ff19f91618cfefbb53129a1,63e3:a7a:3129:b1db:747b:4995:a290:fcb1,Alpha,Room 823
185,70a0754e79e15bd0ee31343ff627bafb0a76db514c6b5ba92f4e3844065da306,e4a7:6827:b70e:848:db8a:534c:84f0:218f,Zathin,Apt 879
186,dfbd86080e1b69e1ea7963f62e9aabd7d7641726b1c564fdf2bded3dbad7ff30,d4c0:84e7:98fb:1232:b873:e0ea:24e4:e673,Gembucket,Room 1769
187,495eb7bac2da31c8cce01bf08d205f8ab31863276d0ed5906e48fa6854c0a975,cd58:1c9d:e87:9a7f:a0f8:845c:d6ed:6b58,Stronghold,5th Floor
188,9f0078584cc014db10d08d857073900a6d89f11e83dd5498ccf0747137b2750e,44aa:ace3:784a:f73e:3b19:ce40:8fa9:4e11,Cookley,4th Floor
189,78bded3f090a6d520bf81de08468c0dc8a1c3fc5a0b4f741b6fe9054758e69f7,829f:cd13:fc70:4ef2:5811:d488:4b42:9065,Cookley,PO Box 99354
190,94ef6863ce67f84aea82d05ea3ade6a4d547a16d484a4204076b260f5cdf927a,e89d:a520:1d7d:5d86:9c63:16b9:c7e:70c0,Wrapsafe,PO Box 82745
191,0d1daca51e47db45e0ebfa2c13c8f373b94d3b90568d2b48e4ec662e139f884d,634:92ec:2ce2:7b55:36af:a313:e50b:d881,Zamit,Suite 88
192,80b3de7c1f455583acfdb95ad121b3a47b10c0291b6abe46ceba9804c18f6bb4,8d9a:8940:79ad:6431:47cf:2c72:d151:1171,Stronghold,PO Box 1449
193,bf432a16f21688608edeee219101d5fcb65b4ddb25ad24edd4d631d72dad8f3d,8890:61d2:afb:87f1:d0ea:68cb:d0db:21f0,Fintone,Suite 50
194,0ec95df3fe02bef0bfcffe49e5cb6eef1fd607d64cd25e36092bc0c794b98c3b,8be1:cab7:4baf:9eb1:a01:ae0a:fef6:3527,Flexidy,16th Floor
195,bb89bd0b4d477b4380a70c32a19fba5ae3f8abe9536d884e037271c691b1625d,e73d:a75e:2a49:912c:31b8:e62e:e3cd:75ad,Cardify,1st Floor
196,762b162cc8c1b4f1553c8f10690768acc070adf153b24355860fa435fd67af79,fc59:e4ec:575a:d87c:7f41:be1b:b93:5cbb,Andalax,PO Box 3028
197,8c5384d9aadba441a522776acbfc2a5d3431fa98f9df650e14ec0dfc96740cd9,2e0b:579:d64f:9acb:edb:2d64:293e:a338,Voltsillam,PO Box 80217
198,c128c7ca16b0662c434c8343202747bcf91b97d23dde9892f55a75bbe2b8d84c,e45b:fd2e:1e39:5526:7c0b:3de3:d62d:dbea,Vagram,Room 637
199,cded7627e4744a13aa42c2d5335cdacdd8e2dce399e55cde21ffb8d2d1393892,6216:505c:c6b0:7e16:ca2f:de9:6a57:55b0,Temp,19th Floor
200,ae2af7e7deafd685463c94ad7c2edc1f8de393f3722834214342de8ca4aa6fcd,d7bb:e445:5bcb:4593:d8ba:59c7:8ce:36da,Zoolab,Apt 1360
201,9e4de51094e77e71d758fa5cb4b83ecd3249c8819e0313e09d6787a8804a0b0b,8406:b8e:6f46:616e:391f:47e8:a3e6:fb8a,Bytecard,Apt 1307
202,34b03b75ea137fd1388bf230a486ec485a527949dd19524b3927daa63f38b2ae,574c:3107:3a41:e3b:784c:6b99:1adf:e84b,Treeflex,Apt 194
203,64abeacc6d7e835e59b263ba1a72bb7e371e05a7fb65e8eee8d252b591a62966,a790:4437:8871:2273:5a92:9e20:b204:87a5,Konklux,Suite 45
204,c0804c1b6253436fe14c9043d15a6fcf3d1b0533d1b671ec27291e533d95b63b,2072:2f47:ef17:999b:7dfe:949d:21fe:bd70,Sub-Ex,2nd Floor
205,1abb97064988f89f1ea28d4961dcef5c92da1889fd09fb7fbba9606e3c66dbd1,a5b2:7e11:1702:4ae4:e56:7031:a41b:b2d6,Toughjoyfax,Suite 80
206,454b4ee5abb402ffff0331c736c3ba8659f4da8eea3eb90d3404d59753c2bb78,20b4:244b:86d2:2f87:e42:891f:ec2:1b12,Otcom,Room 744
207,33f59461e538806c5f7f47f1fd99ab65a6e08a8ad4d478e212bd4fb8d522a516,863:e8ce:9d36:c6:7a0a:5e1:ea60:69cb,Mat Lam Tam,18th Floor
208,1e0e12c91210476843ccfc8cf52677e1d6c7d7dded0c14001ccaa943ada740d0,15cf:3ad7:8fd1:f03:6c40:8e02:3ba5:629,Voltsillam,Apt 1479
209,20dcae20182af57e0d2e4255bc3f1e2c09dd80eaf59c70db6f91037bc9bf4677,2faa:4556:da29:b751:e29d:a512:4480:98cc,Voyatouch,19th Floor
210,839b303e786336b23a26e4ed5e7fad19ba53342145aa6a7ccf21245b179062ac,4a5a:f24b:6e59:2bb1:b9f4:ddc6:821d:d451,Flowdesk,1st Floor
211,e03a049f778f3b2ad0da8ed46b6c8434456d0d7d87c98c8e3ddfb340f7e635a0,6d18:1086:c857:c680:e1a2:60df:5bff:e2d6,Zontrax,Room 567
212,7d44c7890d8257159b9368ff77ae73e333f474631b391a7a012de6d4cdf4fa9a,80b3:b4fa:86a:efe0:44e0:2829:b63b:434d,Stringtough,Apt 555
213,8ced65807d423e33d92b7d0c74398934a6297be45dc7978d3703918644f6d762,7a9f:46df:7a4f:2bd6:c413:218f:3a60:92d,Otcom,8th Floor
214,308c07328a7e89f6e437be1e866f73fba7554d2356720e3445684d3716ae462a,94b0:4d21:30:3329:70ce:3cae:819a:af7a,Asoka,PO Box 95380
215,d47af74bcd59c2dec349f89705287cc19e011dd812e9baa75dccf10659b4e348,af4a:40c4:5710:b094:4b44:5856:4ea0:9b9d,Fix San,Room 912
216,3c3473b2077a864ee261bf00d348a89cc3207a61f764ff89a1da971e9706b4a2,6167:19b2:c9b2:16a0:f611:db14:f604:a883,Namfix,PO Box 31298
217,6be1e1eccadaef03433055e0beaa5089420c593fd500e14e16e03f2ac445209c,f630:c89c:b4c:5aff:c757:6d4:4761:686c,Bitwolf,Room 1539
218,5aeb25604777e8823b665fef1c9aef99f308fa8be362f41024c3fd178ac9dea7,a741:2035:6e92:11b7:ade3:476:2019:fda0,Tampflex,Suite 30
219,03ff16d50d3ec6e388f946bc6d5dd0226e03f08a81937fddf682998b9f09001e,2fc3:729c:ab77:c7b0:b2a:cdd9:3a16:a753,Mat Lam Tam,Apt 919
220,f145a5a6fddba9fa315b70961208218eaab757ac348ff7a8cf2e33f61d18f39b,39:36e:ae96:baa4:e0dc:1482:1c8:7986,Zathin,Apt 316
221,712dd67c95b5948462893fe01baebe5099081a59f303f59eb3c799367a97d938,ece5:f2bc:9106:1464:d460:288e:f996:d93a,Biodex,Suite 63
222,de65032c784ee572a7e3779481538cb4da07016583cd4c0611f9b159f0c326c2,41ad:a47c:3fc7:b185:e0ac:776a:e4b8:a7cd,Sonsing,Suite 58
223,bd00addbd810e2f2dbe2ab2ef67a18ff11b999bea1006c1b75b7d9b30e362ab6,5305:660c:ca6a:d67b:2d98:e9d1:1488:c6e7,Flexidy,Suite 51
224,be293eb3e00a024a353f33c69893c9d551c25891aa1c45113e7f7be6a568e816,d975:495a:4981:5bf8:faac:c268:43e:79b7,Daltfresh,12th Floor
225,1b45e2e319308b8ed819b66f7559a5a037820d44a7f707c3309643f1cabdf239,7124:353e:3df2:a1a9:b262:6e3e:538b:1a7b,Domainer,16th Floor
226,ec3324cb776a356cd4219a2b4d8e62074178c598487b7540fc4cf3826412a283,1af9:5f5c:26f5:a7bb:8bd:154c:48cf:75de,Overhold,PO Box 43145
227,9ca615b0a69167ffd6cc1391186c664304991661fe9b05bcee1bb66f1d32cbbb,7c92:d436:8ff9:a962:dab:22c2:591d:7e23,Quo Lux,Suite 9
228,724fee1607a1110754f7c480200c040d640a75206d510d0208686f207bb34a88,906f:dcd9:c8af:d236:9ab0:9173:31a5:86ec,Zontrax,PO Box 25216
229,4cce55f8d9e61cb440264273aaf515674128e3230e676561ba326b884ca1ccf8,7020:f03a:a15:58de:cddb:c5fc:30e4:49c6,Tresom,Apt 1401
230,1dc52a43331b32cd9ca62f7382c1ef04811a7b371dd8f4511c32a5f405cfc569,b1f0:46de:cfff:9fa8:9e5d:290e:d5d9:6621,Transcof,Room 491
231,05705a2a5296401d755b78c00108e566071e6e661520d2d9dc34d7c2928f33a9,5dc3:8203:b591:249a:c0fe:52f0:74c6:5299,Sonsing,Room 1458
232,bb497835daa8b8fc44f0e5adacc6819d82e86275b1694bf55817f5d92fb2f8ab,f95f:8a63:397b:7a16:8ace:ada3:e9c3:e762,Namfix,Room 1492
233,b1a6622583eb50478b139dfbf9be1d5fb762e83a330e0d3d150d694384c805ab,2de3:57ab:ff90:e003:6d9b:5b1b:c998:9038,Cardguard,Suite 15
234,4a978378cf61d831035978ac0acf2e8e61bb8d68fee12fa57cb7c200c3cad963,465c:61fe:9f7e:1365:260d:2c8e:1fcc:3890,Mat Lam Tam,PO Box 18675
235,b3ef3250671b96ef56695a8fb462e218ae3d7ad35ce595755d2d466a2589bf91,ad0d:3087:1eb2:b148:49fc:294d:3db:6e1d,Gembucket,PO Box 65771
236,eeec1a141223cb8a6467c4c106c67cf1fcaff6dccc1e62e2e2a27b58233cc595,df4f:29c4:29b7:5ec7:17c1:9d60:1b0c:4128,Daltfresh,PO Box 8552
237,c37939d6eff47e31bb3e2bc88dba5006b1cd4b0a9b7e221e13652aef4255dc83,bd49:f010:7517:97fc:12eb:90e:d07a:d04a,Latlux,Room 533
238,77a0f6caca4d525684065ded8d6d14c1aa868b94052f96d8dbd6637837cfbfb9,658e:da6e:94ea:82fd:eea5:151:e86c:2f8b,Sub-Ex,13th Floor
239,76508f24ffef3caf32b057d228ec801efeeacac1fe0da850387351bb84bb0186,e2a8:c9d0:ed6b:e4c6:6e52:8499:1a1e:d7b5,Lotstring,Suite 69
240,8862b9de52722a526249027ecbc11426ed1583a48653ba8c3d41447eb07d9a1e,f1b3:9706:a19c:fd4d:33e:a412:1b55:6f1a,Lotstring,11th Floor
241,644a18364144848121b6ef7ee8ba68a933f1ccb2bd66ca53b9df7d3b2ce79b2d,5d07:f461:8db7:128:bfe6:91cf:f01f:2b23,Quo Lux,Apt 1767
242,3acb83bf76d8b253c8fcd22b3521f4d4e5bd58c6712212e83e179ee0d4d43b36,40b5:20f0:d94a:4519:e3e7:70e3:42fd:d887,Biodex,Suite 18
243,afb0acb99e292d52fc9da4a42c14599ff8f2d79f814d3dd628299b65c8b3bead,580f:a283:8345:8b33:151b:1ae3:491d:9e15,Stim,Room 894
244,3a4b446ff607b3191ca57f17fc799b5c839b675a0a1720b5bcc1e0caf560cdfa,5d8d:21d5:616a:8523:b78b:89d8:d9f9:123a,Tampflex,19th Floor
245,76411487fb6220e53d4d65c84fbbd72c0d1e4292969115a130d44ee454fd082d,2dd6:7eb2:fe90:10af:1eea:7bab:3d93:15,Quo Lux,Suite 98
246,f95158a46db9aa675264d95e693fe89279dcb88fa9d73cd7d7807ef6d0584b37,d7a6:67e2:7b2f:f7f1:4e39:80f3:1ffe:6072,Toughjoyfax,Room 614
247,c97dc4844a17b619c93bcbb884415026249961b64fd04b9b65c55c945cef3276,8bc0:82aa:81f0:ba38:4926:7cc6:d709:511f,Greenlam,Room 1119
248,51076e90bcc5eb01700cb01f537c3c81eae81dfa1a2197747d7abc38af7b84a2,653:1578:b2d9:f982:786d:6808:bcc0:fd31,Fixflex,Apt 1854
249,eac1e4294aff7e1510870311c62b64a8079a39622439ee7dbe5f436b60721877,e802:4828:c0aa:c470:189d:976e:b758:62b5,Fix San,PO Box 90290
250,7391e2c277ea993e62b42d13e612a6136792629c48227a96ad4db617f7e5b0d9,5384:887b:30b8:ee40:8b16:44c0:ee6e:fe6e,Tampflex,PO Box 52769
251,7615effd2a86dc8b918c4181a1068400f05db150eaf75897b1e1cce876eeaf56,1b1c:dd93:edb5:480e:31ee:d4f7:ffe6:4ddb,Latlux,Suite 51
252,a39279308dfb3e9bb20624c8e136d4daa05f4ddb675819807461c3c336e19df5,2f09:d0c3:e613:c483:de88:ffa7:e7e:f2c5,Alphazap,Room 138
253,99ef606134f5e2a146c3454aba6cc724f0de62a8ce3566b09c6751eff475b61b,e4a7:e9e0:8e0e:34e4:b5e0:6931:faab:d974,Bamity,Suite 54
254,456d007971fe1f77712ff5d08a08c714322f38add175e7e655f878c40d57d980,b401:d8f6:f58c:b689:e956:27fb:3491:b924,Y-Solowarm,Suite 59
255,9209e3f5cd7722531fe66507dd2feaae4e259b2964652d9eb52f251c1b455ec9,efa0:768e:43b6:32d5:47c9:f7e0:1280:516e,Cardguard,Apt 1052
256,9b2af4987f22e7cef9e139bea2738ed43942d449d8409b9382daf85bca885ff1,676:19b2:d893:c431:8427:adb8:bde7:77a3,Y-find,Room 341
257,6c3c26a7770db9ba54b7d0e697f7c4caa75bba9b653073a74fac91539461ad05,6c9d:e5f8:7d4:abba:26c5:a502:c6ba:3537,Flowdesk,PO Box 89111
258,fb3525b2aa5dc6bca59a7299c1c9a6e95b1f327db53680cd3810e2dde5c73afb,1807:7dd:a538:65aa:753e:1ba4:c6e3:38cf,Alphazap,Suite 46
259,e920ce0d4dba27fedd562a11ee3e4ca4def2ca0c15332d54bcb84a5873f80e6e,bfb4:fff:2205:4777:a60:8c55:a067:7633,Opela,Suite 73
260,d01efbc5fea43902ac44f6b3404f0e6c58642e1db34cff9e1f2a9ec23055cfd3,2bbe:4c1e:cf73:b0e7:392d:f4d2:5f0e:fb5a,Holdlamis,Apt 1799
261,93998b3db2e893731b1d0ca280f2ebc284116f595bcf89e6b599944a81e691a3,30b7:183b:bda5:14e7:ba0c:9c62:8c36:97f2,Cardguard,5th Floor
262,e01fe07c0a94b97868a7dd08b47331f6f28624af9690d52933480a44935439d3,71e7:cbaa:f0bb:a18c:383d:be29:84d7:c885,Tempsoft,PO Box 85327
263,5a797125ae795d1e5c29028980d742f8fc6cecdffcaef5a76911a1f1b698ce57,f2bd:6fd9:c44:ecb:f9:fcc:9808:1725,Mat Lam Tam,PO Box 77976
264,a1b3fea6503ed6f7701086633e8be17236ec464758c2ec65d829a0144a43853f,abc7:717b:420c:d714:6d6f:116b:f9ac:540,Zathin,Suite 23
265,9e945e647e33776850e23297d20b81a0f146526cf330c4e98de0305dea74470b,6e30:88b0:2d34:5246:49a3:2af:f37d:e641,Quo Lux,14th Floor
266,501c9920f925de266e7b286fdbb1061e2815d4d49394d2dc3eb8fab53fea6717,463b:37f7:e524:8479:dca7:6931:2a08:56b1,It,Suite 57
267,a8e7517fb8fbe13d3592ae6e9540125b8d2f03d296be3c98d3f14437a1c7f386,4009:57f4:9e42:79a2:83b:48be:c513:da1d,Y-find,Apt 1574
268,4ba4f1e455b95bdf6038dbb45d78cb16f9f2df5d6f88e816a6155d00998ce262,20ed:81f7:9fb2:14db:a674:8148:6520:e077,Cookley,Suite 79
269,9ca8bf0f0111d8146d00057f1e79612adf3a98812b345c2b090457198d92b85b,ce34:b0c1:32ba:7e20:67cf:39e7:aab7:b752,Prodder,Room 1362
270,cc83b60bc515768023c03f66b5c2d67331c845fa7dbe9ee9c55d714cf1114415,360e:728a:b9d4:f0aa:d2c:e416:afce:e6d1,Y-find,PO Box 47725
271,aa5c23494351dc63d4534f97a307559f0d3a14f1ade737cf0878fcaf821f57af,cd7a:408c:65cf:870f:9c14:ddb8:43ef:c8e4,Bigtax,PO Box 40462
272,3b14553deece294d9d0bebf722b7171052cd085b95d156b6020cfb1bfc943a9d,ffa3:433a:96a2:413f:f026:b91b:ca44:62a8,Daltfresh,PO Box 20565
273,39bdefafb2180a2a5bd5879998791d859fb84e5db81105fa68d8ded4f4fb84ca,1d0a:842:80b4:542:4b51:4959:7ad7:cc37,Holdlamis,Suite 57
274,0e8059174939e9d5f99216824150dc55cd5cce1933aedaa5585cde0e1e4dc6f0,4c3b:a812:7540:af5b:eadd:d504:fc6d:89e7,Kanlam,20th Floor
275,1443c6e456b0972141cc78aefdc8b8f25aadcbc2b3b6d5e4d35c588e3e598da1,2b91:927:c3a6:3cfd:cb43:d946:f459:704b,Alphazap,5th Floor
276,8109b4a0ec121a47027e8011c0aab26df40d80da9cdc16611cb3dcdabeb42298,ad5e:c422:38b5:50a1:f291:5678:3e5b:4331,Tempsoft,Room 1031
277,16fc85519979118145a494986bcbb01e6d4d0072a173a0f75271a04edfc49eee,6cd:5953:de85:21a5:9e2e:4623:e949:a730,Trippledex,Suite 100
278,9a0c8160504d80b618590d368f424a87d11138c10779eb8470e67e9c78f829cf,676e:3e23:1c30:205c:447a:4d4:1399:a807,Y-find,Room 1226
279,578fa8c5dde0de3581382792b107a4470b9c082cb03893660294c9a5e7cd9a66,363:a77f:930e:2f11:4486:4bb2:723f:2096,Keylex,Apt 1112
280,d69223a5957a37604b257daed15190dbaeb9f36dce5ea2201d4f74d0a5558f4a,4c6:9e19:a461:bd58:2a16:4bed:e746:1759,Ronstring,PO Box 93146
281,8be338aa4ef49ae7bd98a075ca84466565cb04e67d6da2a5ec2b923978caa404,5e93:6e35:529b:af8f:a60c:fee8:fe90:e1d3,Bamity,PO Box 46358
282,c9f4261d6fc9ee5e380de05d64d7e5dd85a90e911af3956575d085abac39fe61,156:2376:cbec:186a:30d1:7303:eb19:bef8,Asoka,12th Floor
283,f2a08424553f797b0edaa5c9e8b332b50565a27749d0598419fdb0c42b22fb99,dba5:bfc9:a76f:89f2:9703:630d:87f0:40f3,Job,Apt 33
284,d4fca3db468db39466ccc7a76a77836293771edcf767453cf2100db2e1716124,6a88:e926:4dd1:aebe:d692:5dfb:bdea:7475,Andalax,Apt 1004
285,a9aa24c49e3a143a792f59cf57b52333fb5bfef571f71c675b1f0cccb3fd9e12,849:35fb:3099:5d21:a607:689c:2767:9a03,Duobam,Suite 84
286,750ba579e620fd825b43c6f807d5775897db8ed56db4757ca7d3e0afdf94cb3f,1ac5:ba7d:4c7e:da0a:b4b6:2cab:9778:7f42,Daltfresh,17th Floor
287,dfb1ea9a709080a33c92588552ca539c474880c01e978f5a7a18cec4862dc885,46d2:f7b:2f5e:4575:b51:3f5b:9cee:f5e2,Flowdesk,Apt 1344
288,482a3174246cc704d09686ac9a4ad17c032bc36ac0d008978ea91ba6e5b0ac49,78db:8fb3:9c90:aac0:4d2a:9d:4e4b:1a7b,Bigtax,Apt 1411
289,65ca40485e51451afb70a67d93898471196698fca71813bdcb743cfd3750a60d,15fc:3fcc:ae4c:2abd:712f:143d:ff86:14cd,Stringtough,Apt 1797
290,6accc5d43bac8e9d3b30ab841f77322a72c1eee299f13d0a965442b68d59fe06,c140:852c:7e84:bbf8:a17c:cd5d:72b:a21b,Voltsillam,Apt 1876
291,a6618d60104586b5d1d19ffc52c1d11b654561998379cb568ba2d67892a4e5cf,c10f:c9f:b065:eff5:6e7e:3b24:9d36:84ef,Keylex,Apt 913
292,97edfaf8627161fc2ea3d780a424cc5b92238ac3829972b555b7d1b6231ca26e,112c:226c:5204:576a:f897:d14b:ca5c:8577,Holdlamis,Room 202
293,a681892791d32dddedc773d0d840ccd00428971ffe1b368628a0f40d78c1cf8a,5eca:d954:2f6a:4e5a:ea14:56d0:92fa:59ea,Pannier,PO Box 39470
294,9a3e64f22cc2a2fa37e7d45ccf14d7c84a6a199849d87c228d1cff50dd620abf,40d2:ed7a:f8e3:4310:57ca:34df:f9ef:1002,Kanlam,PO Box 14109
295,ca0e282ed90c5b98eb284dcfd564bc7367d68fa202a0731697847fba96b286eb,210:2dd:e311:dd3a:7e70:f928:a85b:d5d8,Namfix,Room 378
296,2f3d0bf4528374697f8feb9d9d1b2bd470cad996c21aa263e3dc92491cad6153,f28d:3713:ef74:269b:fae4:17b1:903a:c0f3,Zontrax,Suite 11
297,59a97aea9ada1fd6c04b7080d7bb885032e4d91f0b6044c098c2366478d16994,a9dd:1df1:d0e2:bdee:5204:36f3:41f5:bcce,Regrant,PO Box 54672
298,4ccf763cf8dd52654bd16953207fd743ea982c50fa1829908db8982c270604af,341f:70d9:dc1:21f2:f9a6:7053:93a9:3277,Alphazap,Suite 2
299,dd7af260c2c45062ec0fff1c4554d0c3c95f1ea91287c19f866adf49e1021f45,4811:7890:6a7a:9b2d:f136:d358:256c:270b,Zamit,Suite 98
300,b375d1944306b433bae22cbdace366b4babe0e059b28d9d8d9e622f4a44744dd,cb73:be15:f6e2:8456:1744:a100:bca9:1d63,Lotstring,Suite 35
301,549072117844d55a046fae508c038e48b295a5af4c9cfb7166fe81a81f758a17,30b6:1934:bd26:7882:c899:2e1d:9fc4:3d6a,Bamity,Apt 1652
302,ed8c0ba22f01ca441bd674ed0ed8313ad0f7f0a8d789af5cd738006206bc3b6f,9b1a:d620:13aa:9dde:f3d:edc5:ff43:134a,Alphazap,PO Box 21785
303,1696b69a561d50c3ec0cb86ad1174f101cfeeb979d4219f4c0698e162dc47f1d,fe5e:fbe8:50cd:53ec:4013:873c:be71:6821,Wrapsafe,Apt 104
304,0a6ffc344499c0a23a119f4a5de638ae1390e881ae94930e64fd5fe9b66d74a1,4e62:fc31:52c3:b31f:e1ec:dfff:cac7:dcd,Pannier,Suite 66
305,89f2078b5a3c9fe01e991f75526d1bd2977d47232cdd2631904671c35ed847f8,af66:84f8:69f4:cf21:f35:84ec:198c:3529,Rank,Room 992
306,b5a44c0f9076271fb1b9dee344bb405f718e89e6c0e3098d72ae3ee5e4edff69,20e3:92db:fff9:2a8e:5b52:3078:ed27:936e,Mat Lam Tam,PO Box 83137
307,1d5e60c905770e4ffe9df57f86bbf06b92c6168b6b1e19ea346d6bd772020855,60a5:34fd:88b1:ff6d:c7f9:bd03:7822:f68a,Stronghold,6th Floor
308,164d85cc1bc363fd9405ffb2061956d860a4f67001e461943dd4a17583065451,b02c:485c:63b7:9953:d031:4af2:a0c4:8f00,Konklab,Apt 1464
309,41f633bce52960161b0997c0481e3db540b271c4d865fc7079b308ee856f1604,1f52:37e1:31f8:e29c:eaa8:f3e6:bbb9:f00,Stronghold,19th Floor
310,c8f402bb7aea2147c9c11f81f9b4c40b4de71741ef3887485436ee68834d2144,4813:ec74:ae9c:30a0:ff20:9dd1:fe65:68b9,Quo Lux,Apt 819
311,70b355e0d7e4ce04d330592298bf44843b79edf91a1ff3be30ed2795aee47f92,7024:be9:83cb:da89:6b62:602a:f9b6:3c52,Tin,1st Floor
312,0c7ebfebccfdda6973e49cd66dc9349b55b711970f93d20068a55a158359f65a,22b4:4bab:4821:58a2:a830:903f:1644:736d,Stim,Suite 6
313,5fcfc09d37d39556c121f492a7f8eeee666ce9b1d580b22992e5773aacff2f6b,65c4:bac9:b83e:f995:2c3e:f211:729b:57e4,Stronghold,Apt 1132
314,ba3c4eee16abe43d74fdf3460d4373c66ef544800566b9ea8a36c6f42413b7cd,f85c:8eda:6e39:7231:af5c:a21f:4769:8fe2,Span,PO Box 26940
315,6fac210e592ced72e2994be46ac8cf511173c1988579984446ddf7154371ed6c,b862:802a:421c:c048:5e66:6120:5bda:f6c,Aerified,PO Box 47037
316,e9320a4df1f6552379a61b9b04ca5850031f5e2f862cf27cba7ddf15d551ee8b,1591:1f9e:eff2:33e8:159:331b:4507:773d,Span,Suite 64
317,cfa915e384af0e3be92b96bb6fa83cb4c389b00dba4dd17face1c99c204b61b6,c228:c9a2:129d:f9d8:b7ec:d488:d1ac:119a,Solarbreeze,Apt 1816
318,59f2fe8a65c0f1d0ecacb3d9b1c1f943c4b30a0e9b48ea966122b02394623c6e,438d:fafa:6aa5:ce05:eebf:816f:f84e:b76b,Job,1st Floor
319,3608bcacfafbaf71ea4eb3d133c1685e4731050b33c9cc85365ab3bed3066653,18af:19da:660e:7758:25be:f53f:66be:659e,Prodder,PO Box 15872
320,424f068822bf992195eeac737e67cd7939356d57466a277104cb555df08508e1,f12f:be7c:6904:7134:3bb:1d07:e4d0:1b34,Sub-Ex,PO Box 85568
321,f38e563603b919a1890d95cdddcc3f80dd64a4a9f6920e1a15a8fcbf81b0f8a2,7856:d18e:7773:5c7:6233:4b35:fb51:beb7,Sonsing,Apt 1522
322,11e987176422076a418a3d9d697daaaf9a38a386c6d8de9803268a3a668f082d,e171:b278:3a58:236c:7e57:e09a:ac0c:97c3,Cardguard,Apt 1884
323,4781010cc5f3884ad3ca3a78f32e17ee52a537f4b7c95a99e9ada9dcd7969eb2,8f1b:3114:911e:7d02:27f8:91e4:2ebb:3bd2,Viva,Suite 40
324,928bb116af0ff0d6d313d62d98ce2a6b55dbe8055cf58c61d621d0c6d79b2803,5c00:bcf0:59b8:d805:e23d:f003:53cc:ff49,Trippledex,Apt 1838
325,54db0b7b3cac3b68d2d2daead68849fcf5b2775013cddfc31e9d7cc78a2a8914,2868:cd93:2ab9:b17b:a460:e4da:c8c2:85fa,Bigtax,5th Floor
326,358ee7f495a822966ababd1c142762b659653f5997c5dd71fa2e9538a2a08deb,89c4:2dbc:c886:c3d0:c454:f370:228e:9693,Tampflex,PO Box 18216
327,078a9090a335824efef144551ea0a08a5427020b708a1bf6b90c7856a0b0ded0,814c:78dd:daa1:325b:897:f707:726:d1d6,Asoka,Room 1602
328,a6ce24d5b301f153c080c5797c4d937e6ff874216311ce815fc98d77a1264ece,157:e08f:622c:1996:982:bd61:9bc8:9ba1,Vagram,PO Box 84144
329,601a3d6870fcc47efdfb94764d27c1238c86d75feab2cfac55ba8ee15a463146,407c:7e1c:c206:a2b8:fd08:1be8:2c71:e3d1,Konklab,Apt 902
330,1007f447af1440cb7325b193e2529b1f794da9a3527c29faee7cc4e6e1b95ce4,b1fc:27a7:54b1:da31:e668:2f4b:583c:b470,Konklux,PO Box 78914
331,f42be7d5934f3346a3a5f7f544d3e1a58c1e55773b7ab93f704220acf2060da6,a746:9b9a:a45a:6432:fcea:b738:ff1f:e9bd,Cardguard,Room 1614
332,3bd94bd84520c2bfe05915f93c3c268fd8c41ce60bc64ab8c12cba1675e4eca6,e7ce:f16a:2b88:c467:9dd0:2c79:4af3:9447,Rank,Apt 1003
333,28f5696343318419c36438ad4a5ee217e04b866a13dcaaf434907594c3c40219,7c5f:25e:579:aba4:c984:ea52:c194:8056,Tin,Room 749
334,c3e6d14ea631ef6b2b1ed1346223c079d552216f40ce342b2bb31a4a0e5833e9,f15a:d4e8:d4b:8c04:8cb1:42ec:d980:a303,Voltsillam,PO Box 73475
335,4ff364ea4a78960d164108f2d22f15edd6f00c4177e156e8a3542c4092492111,a9a7:f704:2cd6:d03d:f2a3:826:3bf4:1523,Bitchip,PO Box 51439
336,48c1cffe28b96fc1da04c6177233b91e0402852826e2b0a8547b799f1485bfef,4a4:1d25:2ff6:3e33:c869:8919:53ca:bc55,Stronghold,Room 1521
337,982962c08e9dc3c5badd1016d560e8c8671b2d681d049b82481df6bf0a92d3e7,3734:9f13:28a:788c:5514:e7ea:e099:c4a4,Zontrax,PO Box 29194
338,24b6515a207dcfd19c1b81174d364256c889a5d8811c54ad040892de17ed8168,ebee:be5:8d5:49b9:4a56:8596:f7d5:f279,Hatity,Suite 25
339,dfff073036efbae0d487fbe3d76114232a7a34a8c15e1875b029c0ae01a1c9bf,fba4:d9d4:9427:827f:ab46:cc30:9bc8:97cd,Toughjoyfax,Apt 862
340,28dbdd925b3b7807bd6b75051c43c6a29d158b11dfea4bcc508dfae1aab323f9,7cc9:551a:3506:6617:832c:ae25:b447:cdf2,Temp,Apt 183
341,93c9b5d70daef5337cef5ccd47e3dc8dfa88361d1e971d825477fb6379e4cd93,7f9a:816c:96cb:93f3:a94c:80ef:df7f:f429,Cookley,Suite 36
342,617f23cba4e345d48ceb472f437fa9acf7e4ce3c18ae701d80d66af334cc35f3,777:963:701a:e864:7f50:e43a:1444:e436,Konklux,Room 968
343,42b4bfc02cea681428d9539bbca54b1edf4488d46a9239819e5af95da80be578,5258:86e7:febf:673:cedf:9ee2:fff9:a640,Andalax,Suite 60
344,e6bae746245c20052dacf9775c2f7fad4cb3c770fde7475547f39f88603a0ab9,6bda:e800:9969:58ba:b10f:dba5:1323:20e5,Mat Lam Tam,PO Box 8541
345,741ada3ceb63397b467ca79e6ca264e451a1917bf00ee58d298f779205dd56e7,4d7f:675a:3f37:6b0c:86b4:69dc:fdf0:ac0f,Job,Room 465
346,de12d9582a670fec041fe9b7e7ddcaa84f407ae318891a11e6c4448b3baa9674,35ff:e166:d70c:e570:b58b:6854:e83d:3b51,Zathin,Apt 1493
347,7b80d2269fe40fef021c6cd4ec94eb5fc54c2273a6504f72f3e77998ed45f8ff,68fd:b5be:1e43:4b9f:a4cc:80f7:12d6:9e22,Mat Lam Tam,Room 1150
348,091fe7a367f2c40295b712ee656888c9fde4adf5809197b9c7006525ebf6d5b6,b30c:7255:96f9:2340:5e46:90a0:acd8:9e9d,Holdlamis,20th Floor
349,96040aa5b915d78a1139809232504babd6fdbce999088619aca9d946734d486d,616a:1e6d:45ca:d8d6:c6e2:8f32:34af:7c4f,Stim,Suite 67
350,82e86af0b36a163382653d40c6a5983c75c682fe313d56b4676f29ecb55691b4,819f:9ae5:cf7d:1be9:e15f:d5f7:213a:7102,Fix San,Room 331
351,69fca3911b91d0fa2a378df15b6ea76d31427ed4e0f523d0b31c6ee1818347fc,4dd4:9424:c47:12a6:1053:9bb6:9704:5a42,Daltfresh,5th Floor
352,614a7eafc5903dcc50c608127f2005cfdbccf1fe4a96afc72be48130d20565e2,a624:8bfa:25b6:c711:234:c2c3:a008:5981,Y-Solowarm,Apt 75
353,27351788e5143fe6072d6dc3beaa50f7782ddde308ed180b7e46afc75054417c,6188:4009:9cc6:5d6c:f0b0:6f28:1235:4a3a,Y-find,PO Box 38557
354,06217e5522dcdb95dc0311e4605e234b57dacc901db2edafb1cf641933a22d24,2962:1615:ba97:1bfa:6646:1d4c:e590:6fcd,Bitwolf,20th Floor
355,51243fa57137d3bb4b57173dd4012afc367262edb94c27039efec57216368c45,e248:bd5b:87b3:e490:47f7:3d52:a5f1:44a3,Voltsillam,Room 1454
356,6da3a65d120f4413fab2666152e469d00d4c43015bc5464eedc90cb956471701,ec2:6f2:c368:5cb6:687b:25e7:107e:9cda,Biodex,3rd Floor
357,d2d0768295c7f954b0dd7fabc0d0cd21671108d72e8166f5c87855fdf0a96f82,6463:eddc:ac34:1d3:ffc2:6d0c:a93e:faef,Duobam,7th Floor
358,74efc7742231063878aa21ca1176e32dd513708b6d181f317aaae12c83a788c1,3984:f2ae:fa3a:752d:a84a:4209:a9f7:7bc9,Flowdesk,Room 1751
359,f7dd069bc699d3de899238cb686705d25432db5eb94b2a4a715f7578ba2c3afc,4f94:4c22:4bd6:4c76:973e:f44a:d2b8:ba72,Toughjoyfax,PO Box 4088
360,21d85f21ffb041e57bd6202ba5a53ad4c9a8b00f4205ce092d276196fe53c163,d9ff:6eed:fdc7:a6f7:97ba:5aa8:c235:3690,It,17th Floor
361,d6d8f34f8893cb163154c57eeef91fe6db557a9f9367446134deface72e455f4,7fa6:f4b8:8c10:1466:6ba6:6568:ef3f:98e6,Fixflex,Room 1040
362,5b8d7c463afc82bca37b3a9a4ae2992c3fe210b9b3d4fa698dee53122148857c,52d6:696a:6043:e38e:c057:73e7:cf44:9949,Sonair,Room 477
363,b37c819ef6c5fa7c0a50e6f4b6c9968185469c52356116bb12696cfc95c45efa,fdf6:636d:e56d:c4a5:66a8:4772:5a83:c000,Alpha,2nd Floor
364,36533308acde0aac4aa02ca160d4bc68820911301bd2ba97c87d6005f2cf5d21,982d:1d9:1455:fe89:77ea:84a8:d1f2:6eab,Treeflex,Apt 1679
365,910609540312ed3489432983eb8d10b9c004f77afbdf4ecf1d3ceedf8438abf5,e029:5d45:b23a:93d3:359b:cd7c:3b5a:24c1,Stronghold,Apt 545
366,13529de1cd0ddc414ab3120aaffd7204d44a19b1054b00d06a48a53bc187cabc,490d:f314:2c34:c3ff:db1f:eeb0:a50d:c8cd,Domainer,1st Floor
367,3e2dd2c7b9e911de376b7717308d19f19e00aba99eb717a29ae825ad63ebad99,1be5:8fef:8237:a225:3bbc:165b:ce21:32d,Span,Room 660
368,8763a06a506924fd74b6a0e26b0ca4854841185e2c86691af880167dbec76311,906f:10bf:c2c2:95e2:2b30:c1f8:3112:4918,Job,Suite 15
369,aa1a806abd4758f17947ec3a1c7aff97cf4540517157fe2074b4306fb6397a78,c014:6cf4:aecc:8cb8:3c63:dc19:9392:d9a2,Matsoft,PO Box 28164
370,fdaea2cb16f895280ff60dd2caa00fd25f83bb77042efe7fc3627fc137c32085,78d6:b477:e1bd:517c:cc12:7f90:6ffa:2e46,Sub-Ex,Room 1490
371,531336a7e08263ee73a6a44350c5f64fe5f0d3b38e05b9159eaa8ccf05a0c20c,a025:40c1:9fc6:4a7b:363:dc9d:cd4d:ce31,Rank,Apt 74
372,7457d63a4de3adb3bb0c569858cf5747a26997dc430e7cb13c16b525f9d4951e,22d5:3351:1b89:d2b1:a6cf:f93a:53b2:7cdd,Regrant,Room 1034
373,cea9eaf2a1d4e7275093e9441bad2e3289b64b98a9e20937be8216ca4bc875b7,db1e:911d:db18:44ab:b9b5:97f9:de6c:389f,Biodex,Suite 35
374,cfcf65f3fa9db73e22c99ba03b2a68666743fe5ac51d2eb8e2495a3e8daebda3,bb20:87d7:a43b:4d8e:17ad:38cf:c2ef:2795,Bitwolf,Suite 3
375,38e93fbfc73c31f97c2fbc33edc1877c14f974aeeebc5207ee1ead7ea2b36c06,c70f:7bd4:cba3:8191:98d2:d3cc:a0b2:7695,Zoolab,Apt 796
376,0ff7c15456af296fd0372f704042acde92abf0841af7a26ab29b3d874a90529f,b093:3b0b:3218:4f6f:c7eb:a1b6:6e14:ad45,Y-find,4th Floor
377,dca3a473f401dd3d08e2be22bff2fde6f7ea4e870585dade9e6c86fc8a049729,24d6:74:2c53:708e:546f:91de:a004:de4c,Lotlux,Apt 55
378,27eab8fc7c5e40b13bab5de284e8a2545465ac42158cef4e57deabb8a35191f9,abc6:3670:d688:bb84:b6c2:246a:e942:a3fd,Fixflex,Apt 506
379,6b0c6f3781a51d987a79effa3b0629fcd87698dcc9a2b474366cca67446f329c,8e6e:26d1:8906:918c:e885:f0fc:be62:9d7b,Domainer,8th Floor
380,e94671069733e5f7c8991e7ae7f51a017cd474b0c817345128664a6070039628,51fb:7fab:f4ee:dbef:8e67:79d3:1a30:1486,Keylex,Apt 1884
381,f314e3090de37535494500e91384e1f658eab789bb842bf095e02e49256a24bf,3786:bc7c:2440:435a:5825:de80:1c28:b72d,Cardguard,PO Box 90324
382,59e355f66fb30e530608a34024ec8a6af6d581552f6d6ad4690e2455f6eb0e9e,186d:40ab:c596:47e3:96c8:b471:20c7:a337,Overhold,PO Box 69795
383,c614aae1aef580dc1bd01f82fe2fd28e0ff5a89e3a31ee915f0d45cd164cbf11,ea01:30e2:a2f1:101c:d26e:97d6:53c6:eafe,Cardify,Room 1255
384,58f86d71935ecfa7ffe2f7dd9673a81f218b6051ddb82e01c70f06e7adcad9b9,4f87:f1e9:d3c3:1eb7:6da3:dd07:d8d6:143c,Otcom,Suite 61
385,8b278048e8d94cdbfc3fd799b140814402ab6cdca0d7838f9625db886c6427e6,9dbc:1b9c:6824:5676:58a0:c8ed:110:288d,Quo Lux,6th Floor
386,74808bb18673ce52d40f8732c843c5006d18a62203c7a4443b4821c383891d3f,bad5:63fa:2be1:77ae:22b0:c4bd:a6a7:bfe0,Zamit,PO Box 35705
387,8f1f774cae647542e150a0450975d1379c442237536eabcc3a46168aa94cd707,a136:5875:4b14:11cb:4ece:d4a0:99f1:e373,Hatity,Apt 614
388,83fd359ea69f645ed8cbfa619344f0d6ddc8adcd67b879d493724e4dfcb84e5b,2ed2:2f28:43fc:90dc:2a33:2317:dbd6:622e,Gembucket,17th Floor
389,5470daa856053d8aadc117cce69b24698cd765c036fdb8b8fc86c27ad8ca99b1,e525:a215:546d:92af:83d7:96ac:e51c:7dfa,Voltsillam,Room 1310
390,774e0b64b42a9443a9948d3d00ae1d3aac215a8947f83502aaf18c3e7989f18b,270e:4b4e:8b84:6de:ff75:be27:3027:46ca,Bigtax,Apt 520
391,059df707f4c16da93d9cf04ff7c84462d069e8c7c8aa90ba104222dd50387d26,e6c0:fd1d:dc10:754d:edfa:a2bc:b481:baa2,Tampflex,PO Box 33481
392,7cf33c1159d2a7f0ae91e9937a77a84bf9e7ba6c1f495e7fd98f1a3e21187e3e,72df:45b1:fb8a:a9b6:9f01:6beb:3fb6:9f92,Veribet,Room 1789
393,48688d443e5ba477331d6650902676dce93d187b91c949afdacae3ce02c5185e,3304:6b48:6f1:68bd:d6e8:1307:3d5e:e4f,Mat Lam Tam,Apt 1553
394,5fdb1d596ead945513d2dc2fc8e632a2ca4db8ff20b3ca8fe504526c94ff454a,2ea:cbcf:7b10:dd5e:6027:b8b0:d702:54d6,Holdlamis,Apt 525
395,8803205f584befd5f89aea55110dc5b9ffcd584d572a1c28f231285b367b9126,df8f:e221:efa8:a70a:9459:d6b0:7f0a:3e7,Tres-Zap,Apt 1388
396,ee28d18160f3032c528f3e45a738a17e6d6fa3e3e312c2278e1e9d02eddc12b1,1ada:95a:cbb0:2a88:d5aa:79ad:6feb:7de4,Subin,Room 1576
397,94f02961c4b0656ee48b7689776a237932096d0600da2bcb50d5e605521a18a7,c4e4:ac8c:631d:b5fd:c3e7:448:1223:ac73,Greenlam,17th Floor
398,041279b11f02eaf03591ec0c15ff02681ab6e0d71c36a5a4e62b5e495acf4051,bb18:f67d:e945:d7d2:8469:dce9:60c2:abf5,Vagram,PO Box 17469
399,c2c6bc6d1932359ec3bad59acd7238e371e51210c3b2b785133b0bc7ffb5c6de,e8c5:23db:38d6:26a7:7f43:535b:e2e:dd97,Namfix,Room 1658
400,4be42b96967119ae83d15b2d0a4dc5becea3b42ee16127c287335faabd14be99,7c53:561d:d4e4:365d:9091:88d7:8167:9a4f,Prodder,Room 913
401,1951db50c29b26ef375b2dea4f6c033e1b0d2bb078b76b7e156c4323a726e7f6,e432:5c1b:4177:6ab9:356a:8d01:1edc:ebba,Asoka,Room 1105
402,e18b794bad6b8afaf48e240149ed8577516e8f9315f0cd453555ec2e8c3e9e93,155a:4662:c39f:10ff:b60:568f:7ab1:d1df,Domainer,8th Floor
403,f4a1d8cdaa6dd6789577e5e38b55402dd585aaad9aa00739a492b46234f7169a,5bbc:35bf:2b1e:7a24:4656:461a:7d9d:7311,Vagram,Room 1308
404,52762c3c00d5ccfb144e6cc8271f99de863e002d39dc6c7400f4a45c24efd715,508b:380e:576f:4e4d:1973:c439:4966:73c1,Y-find,1st Floor
405,54f99c22b96c43ffbd82c43d23cf259cdca66c76c74ca43539b42cbc5386c8a9,9438:3f0b:2a4a:6a72:d38a:24ac:99e3:aba0,Keylex,Room 178
406,ccf896340a6065fe804cb3e472ceebf69a80b0fd399ba8f12b6626af1dc4cc55,9e5a:67a9:4b96:9a22:9051:757f:cff:9e3a,Pannier,Suite 78
407,0d5d06160dd67d20ddb37ab8c5552a558f0e85376660b7330e18cd7094147848,96c3:c9cf:1fa7:277c:ec40:dcf7:6b51:278b,Domainer,PO Box 71824
408,6dcc6aebf6a4460f20fe110f5c526c09ad816e9b6f95c05daebf70f476f35b86,7a63:cad8:7bdf:2f45:b564:3f2c:5ad2:d078,Fixflex,7th Floor
409,ef0841bf8df93617612636113e8d6d6d5c005a352a48c136517700f3ad8169b9,2693:da90:e31e:24c2:dd5c:61c:409a:a2b7,Tres-Zap,Room 491
410,f52ff9221cff0781a02b3daa1bc994eb65f9e9322c44a5410199bfcebd59a94f,2871:c913:2d82:752b:5766:3ff5:517:414f,Keylex,Apt 827
411,b6288b179c82a056dc923bf83fe0a02cfc790df9d36c670e6daa1315444720f8,befe:1693:5adc:9c90:5a06:3d43:2275:81d6,Home Ing,PO Box 79431
412,eb1c8cffcbac4213b053c95c19af355aefd1ad7d77dc2bfb2462a16d1d21ee3f,cfd3:23cf:9351:66ff:545f:365:1446:6058,Bamity,Room 1459
413,fe72d47abd52c3f1333d84800c42c176b042f968f03c13fa4d31df7d23bc8e3d,1809:ffaa:aea0:3588:a07e:7db9:5d07:944,Home Ing,10th Floor
414,65cf34e1bd82cb314a0fa6ef18c10bf7ddca25103c73192b5b34e0e6ff043986,6be5:18bf:4ec6:72c1:8f83:7a5:ad62:92de,Redhold,15th Floor
415,28d5a0175e0ff4d9b45e0638084806b34366910c5063d3fb1c833dbd28776167,1eeb:5db4:8d4:13cc:1dd4:b504:5eb9:828a,Vagram,Room 409
416,1a371de818f0e69e74cce67617af46780e20d67e61b095ed2ce481afd40e942d,5fe6:776c:986d:1a54:df5:7c27:e579:1391,Y-Solowarm,PO Box 33241
417,250026d18a13e4937df2bca513da2e349a70b65f4c566553cb916eb7d5268f99,c830:a625:6bce:3758:4354:8ac7:2a71:2982,Sonsing,Suite 54
418,d38271589039225fa1be1c5f98f3f8bf025cfd793dafdf607cac688db444973b,6ca6:4f92:9cae:1fe3:3da7:36c0:f961:67c6,Voltsillam,12th Floor
419,bd9b60ec3219f16102bcf81d7630447a7f5c2e27ef474ab108ba4f1b56faaeba,172c:3bac:256:6a1d:2947:cb25:4a64:b669,Pannier,Apt 1057
420,16414971b874321ad7ba86a6ec3cc90fc4083965a8494febe6d5a729603e6030,618f:73ad:a1e4:7add:eec0:e7ca:993e:ccf2,Domainer,Suite 78
421,219962343ebea2145b69d33e94c836cd541f56f40a8bf4828ff264d05bb7a636,bb2:b456:6870:806:3b9d:87cc:bd18:f3f2,Bitchip,Suite 60
422,6493ece68a19626d25c16c64d71f8dd45cb74fd435cab25ea34543c1904ddd91,317c:6ca9:56f2:f53b:7b0e:5fe7:449c:7d0e,Sonsing,Room 767
423,dc3a564b81dac65d5f6c68e06d6696de7296ee152d546cef863e053ae2e449b9,affb:d631:7647:39a2:c51d:ba79:9da3:77a9,Flexidy,Room 261
424,eeef866f936c25c976ebcb0fc8ec3df00b70431c5cb79017bcf6afd41f675888,d7ae:fc9b:8be4:9b0a:303d:f4b2:f461:2005,Vagram,Suite 66
425,6efeedf619fb56dd478923f2bdbbf836d80597aea07bbe5968cb56301c7742c2,4d27:4f3f:4e09:9723:856b:4cd1:2780:9800,Span,Room 111
426,7d23527be8d50ba7e7b8e386cc046241faad96f89581f64fa410088819bc935b,cbbc:7e1a:997e:87d8:3daf:2b91:97cb:7176,Overhold,Room 1220
427,610c90bd26c2beb9f4fc97e9e0a63c406a830d0bb3d89c565a90c8292e52fc1a,1a58:b968:fc13:1f41:2dc5:87b7:9b45:a771,Flexidy,PO Box 67806
428,35e426943d39109c921b79dc1a3d32939ef0718a72ddaa5727bb004806379432,5083:cf34:bb3e:e1c2:74d9:17be:64cd:a771,Fix San,Suite 85
429,71ac5feae42744034fb3d8d9f8212d432af5b5c6c85eebe2c63fd171507227a1,ebea:6f76:b9a2:952f:b070:94dd:1eb3:693,Sub-Ex,Apt 1261
430,aad2d30c185587a28a94112d57f8320f8286248c2e2eebc326443f37039670f9,bae2:5dcb:367f:552e:bd03:53e8:48a1:ce0,Stim,1st Floor
431,33b2933379271bb9c53aead7b41a71e6d4fcc4bfd39867d75dfe06585c8be34a,6dc8:161f:79f0:3ee:2d18:a9c0:cb50:10d4,Fixflex,PO Box 16923
432,8c063858e9448a47f36b44e2d3b78c4340353015cabb98237cebe378c3d88ced,866b:8763:ad8d:5bbf:d574:80bd:51a5:efd8,Duobam,PO Box 45585
433,eac26b2756a0c4f3fbdcf308c26466e1921f8dc42ab77c93a78acabdcaae4c02,9655:3a0e:1066:e9a9:79ca:939e:b8bd:4b98,Pannier,PO Box 17036
434,22404c5fb92a0f7e854056985763dbd970256b22c4aeee036c849c9e2745b6a1,674c:a2d6:3a1a:293c:9a82:5611:c5ea:e979,Tempsoft,Suite 54
435,c060b7a7b15ca65f99748363b362c95dc5d585cf84e0b7d054dfd5284a71e864,a507:ab61:f390:a0a2:e34e:c7f7:5ade:6cea,Daltfresh,PO Box 51357
436,e766895c59ee88b0aa3406e864f9ef96c682027b9fb8e75c0ea38c40f1954be8,ed70:a8e8:5c3:184c:f40a:d282:34de:b40b,Wrapsafe,Suite 48
437,0f9bc2415a8f6b5fff5c93c3c3f26336c7cede35518e19ec2e1bfdab89bb391e,ebdb:95b1:8123:84e0:6ac:1c77:e64e:a749,Toughjoyfax,Apt 1471
438,eddf91c65c806b4691d8b9196ae58f210513fc465f8f9ea7cd0b81f4ce637b62,c2a6:b821:1933:92a4:d1c8:5c87:b96:c3e6,Zontrax,Room 389
439,e573eed67cfa1612529bb731b0353b882772d3e9e643b3aa9826e9d8d6dfc945,7e92:d71c:6443:7db9:20b5:bccc:b254:53c,Flowdesk,PO Box 11636
440,2bb82462abd120fb1445a0eb95e1293bbe3d54fb299f7a2573663bbb71e69e12,577e:7e93:5c7a:b951:a2df:2168:9ab0:5cf8,Cardguard,Suite 87
441,b3b163d6fc28d4e162b2e9436c8e0c922e08c4e51fd1acee1fb916bb97f2d24d,a790:ef2a:a9a4:3566:9a79:aead:ace9:2628,Trippledex,12th Floor
442,2dcdd589804900f320f740c8c154a44fc8000581b0e8349f36d6b1696fa1240b,e553:318f:f48b:44a5:4d2:4417:324f:291d,Fintone,Room 105
443,21fa153de3b900e50d8e7ba867aa9d1bf5199b1bba21568e2568c4bb37e9fed4,c4cf:d934:252b:d843:70e7:46c3:9a30:18ae,Job,Suite 65
444,d4a24c80ab1c972375da4597db896ecaba2ba3332862bd15103c327a59a1b331,ad28:194b:6c4e:24a9:831a:5c33:e544:498a,Wrapsafe,PO Box 11589
445,46bcac37bde1f6059817cba739e49e0904f9277a58f0ce324269fab5deee997b,598c:7fa4:760a:37f:cf79:518d:6e1:1771,Hatity,6th Floor
446,2bed2286af8aceffbe605c592f92aed04d560737b1fb0ce9619f3b9a036b1f17,4412:91d1:11e7:2386:35bf:574e:f0c9:8382,Aerified,12th Floor
447,8918d267f322c4b3261244307ede0df2714edd817a08086d9d3c916c40c843c4,2769:49a:d82a:b214:93fb:1208:e648:eb43,Zaam-Dox,PO Box 30837
448,86a973a4c41e6c47da45f97cc5729fad458a95f5505171a4cbb0f91a43dccb21,9961:f158:f1b3:d983:64c9:ec6a:a01a:ac8,Voltsillam,Suite 17
449,6acb45214b4c92b17c685cc5b7561aac2ef6c8ab83ed5e01f47f304f92c3a90c,ca4:a6a0:ee6b:7156:7c91:5145:d426:ce48,Sonair,Apt 907
450,813421e4890239aa3ec674bc99cb9f4ed7bcf0c0358327f3a82e6968c2bdbc68,1a2c:6e56:b7e:b41:6701:25df:b601:cf09,Fix San,Room 433
451,49bb21121baa99945a8139d63a87916d039737665e982ed68d294fc176e11063,fa7f:4aad:ac59:6ba:4248:2975:6fc7:48d9,Sonsing,Room 791
452,4f4b6d624295f4e40e71fa3a49a1d52566bc863e992d2b9ff128d3d5a67831b5,6841:c304:8b82:78e:99e6:b1d:cf1c:8ffb,Zathin,Room 159
453,44affbac7211fa17d67396ff94f59c9ee7a0a8f735cc6b558134c09028b1cb3b,85b8:7e71:2b2:e679:2b2:5564:5406:e46b,Transcof,PO Box 10680
454,7de48cacfb068d4d995d67441a06b8dde0f8ffcde66fa276c5773d399298fa2c,a207:732c:843d:fddc:19df:6acd:166d:dd08,Rank,Suite 98
455,273838ea17bda3ff9d53928abaa3f4516629979413a6eee02712675719419272,5a50:b474:17cb:d0d3:a0eb:cba9:473e:c5ea,Cookley,6th Floor
456,358d18c5d6b3999356848790a5d2d736ced8c0a17fee1b7647728a4e93cd2e88,f020:9b52:af72:b767:30b1:7765:7f8f:3329,Otcom,PO Box 38877
457,a64330da5632d0bd81552c54905c84662867b617e526fc71da2f0b31ebfd2b14,fe76:c4b4:d1db:3760:5eef:a9ba:427:111b,Andalax,Room 615
458,f8c1863280d0c55360ac496da1b6e605f6c93591acfa138e78c064d7ad7170ca,5787:f270:6c3d:3259:b320:e57b:c110:3122,Tres-Zap,PO Box 88537
459,7d23e05d748459a9ca4c8c042a6af41243210e2c09cdc53a03e63ccd9ab006dc,e1db:99fd:85b7:15e8:414f:48b3:e6d5:32e2,Sub-Ex,Suite 39
460,62b00ef40683aa5bc30d1e233552627d74f827a10fbdeb53792e50dbc087ec20,be7c:7be5:fd4c:388:95f9:6825:cc26:7e75,Temp,Room 1271
461,98b6116c1a3f906cbe21326112462170a2b9c57dfa311406908583f346c5ca8e,e53d:a509:e575:c318:f7b:aae9:6aa5:d093,Rank,Suite 15
462,632b6247c62920d124f4c4956ebbe3ddaecdc6e922a955b097114c85a6958e2b,305f:5942:a153:adfe:a3ac:d5f3:e239:7904,Sonair,Suite 97
463,3122920d16b3ec4c5e3c996f5bbf38c01a4955d367d07d4a7b978f6259ae1aeb,d82a:8fcc:bbbb:751a:bb19:9631:f1b1:64e3,Voyatouch,Room 1891
464,f1aafd6ce9353cc147b2be4fb0a6f0c2453eb510a4e544349244f36d07b2418b,2059:af2:da8c:1fd5:79f7:b38b:f83c:905,Zontrax,PO Box 1157
465,c68d66be335f7c27f0de531df27ddf1bb863153da5954f03280d626a80c582d5,9be2:48e8:d090:9d3:8c8a:4cda:66ab:1773,Rank,PO Box 48246
466,bd2e86c57d6820adfe7644c0bf1207bab1a5666d8a4981fb9a9543b766a9eaef,5814:6c49:6371:73cb:2e25:4f1e:a534:e25a,Sub-Ex,Suite 80
467,e23b14734b952f583e5e4b73e4881d9fa8bc07e06c246924aec73c5986e2c9ee,3c88:c8af:1645:d0b3:2091:1f84:d252:1709,Cardguard,Suite 57
468,8c5599849536b9fd6fc541dc9c75b5543d5ee0317ce70aabecaf7ceb93d4dd14,8dcd:31dc:89c4:3869:f500:fb1:3144:1f95,Hatity,19th Floor
469,30ab1ccb72a579aa84a76bbacb3ce959e839c90c90ae1e66bffc443f7494b1d0,1f70:102a:22:c5c0:76e2:8fdc:a683:3835,Bamity,14th Floor
470,53a070d36a0a14a2a7ba34da68173b2ebdcec23bc5493736b1a04c65b3046465,bd8d:4463:774f:e098:584e:ab59:353a:37d7,Bitwolf,Room 1374
471,bf81837afa39a7326ddcbeb78df3138aaabaed74bc072997ecee5bbda19bd06e,5ba3:3bc:ea37:490c:5cb8:16cd:b3d8:a736,Alpha,Suite 62
472,d77bffd909776bdddaa75ef100225ad9c2b7b50c1b0e377e587e76b18908682c,3334:51e5:998c:8c5a:f00c:92dd:d590:383c,Span,PO Box 75057
473,c549df3f0278d639e8ab822629079d29fd2d362aa4863c88bfcdb1d06cc944f4,a95a:c781:1c27:2a2b:42da:d6:f9c:a7d3,Stim,Room 16
474,0e85a463b45d057fe81d22935b2132c8265537158df6f93a16a4b85660227a2a,a426:a05e:fbef:8e:146d:6780:d7a5:68ab,Tempsoft,Room 1840
475,2e57f610fc8d0af0344f504bb8df61c6b1b39b00bb7744db818282bd4fe0f311,f4fd:2685:ec54:c304:2fc7:e62d:fd3d:257b,Cookley,Room 503
476,625c3d4c66e09cddb14e65af0a189c22c3db93de7825251b61fd22dbe0d1defb,1a74:b862:1011:8e1c:809a:f55d:ec6d:9023,Holdlamis,4th Floor
477,31650d5360b955b50f59f88a37e2f938457106c43e6c19c8381d064994eeb219,1de3:92f5:b117:885b:e144:dbb:62b5:3c2c,Namfix,Suite 29
478,6dc0d00aedeb438c1390f3a814129f24fc0ead3d9b2e614ce7c5f6dabfabc79d,5802:5837:ef1d:723b:d0b9:470:19b1:ba9b,Stronghold,Room 406
479,64be7445239ee8897b4cbd7f3870c43bdeb4a7b130380e4acf9353320083faa7,969f:5fa5:15ed:7e27:6b25:c44f:d6a5:9817,Voyatouch,PO Box 6739
480,f739bf68ee4a3f07f0a729ab1fa5530929b6538cdfbec2174390cad4a20ed216,22dd:3fc4:4872:1f0b:8a09:7147:be14:3e1a,Domainer,17th Floor
481,7bec92b15520901f86e8b06c177bc8d23d7a9c337cbd598fce566739152c4b19,33c4:dae2:c95b:62bd:d3fe:4710:729:26fa,Rank,Suite 24
482,85f3a4acac6e954d90502c4dd919637ffa4c0e34d63e4a286fd05398dd4f01a7,cc2c:4924:4ed4:bae8:4ef8:df05:d3d5:ea28,Biodex,Room 1324
483,ec979a06d12fe470e9535533010604c3488312b316d4c8449da3145379cd5838,1c23:bfac:859c:d9bd:795d:87a5:672f:eae0,Alphazap,Room 497
484,f63668ab06ccf87e717ac82da549144c3235c32c0de267f6a16aa72bf331978b,dcf1:59b0:a64f:c401:9de6:567:10bb:e5d,Vagram,PO Box 43668
485,cab081558a9d6ccc567b125c61c00dde568f4cd728b8a08dcc32fa686b68d504,c9f1:69e4:d254:f82d:e376:b45a:3f9e:a8e0,Konklab,PO Box 53707
486,5be6da3bd7b1152135918610b765f75fba40ec8466604934db288bd843bf5624,dccf:29e:9ac2:374c:2d10:2b1:496e:a8b4,Tampflex,Suite 30
487,77f6296135315730bcfaf91403018b1434dc072a67b90870abfbfef440088f10,5c9e:bdf4:aa6b:4b3a:d2d3:c503:1435:61d9,Lotlux,Room 1315
488,69a394ee582dd6a79380fa3794f9f1f672ca74366c419c036a97bb0fe7353a52,1ae5:1249:d80c:698f:2f1b:dba2:848e:ff23,Flexidy,PO Box 40437
489,67eb20941fbc69fa7ced56d9d16605f705496af914e4f8da53b9db1b97f948e7,5de4:b960:a44a:cf9d:f0ea:fe25:eab5:ba72,Fintone,Suite 61
490,ccc403ff0f57ba7b26e7d2f76c38884d2a34d2ec8d2ac767c1e635ce9e58abb4,32ce:5d99:7b6:b0dd:ca5:b2d8:d804:7be6,Cardify,Apt 1106
491,f8a1625be31e60789a79db9538e3b454e44a0ad63b020f5b1d60938aec8e867f,1af3:70bb:7333:fb0d:54ac:3aeb:6909:7014,Cardify,PO Box 53539
492,9b2c5d1604dcf38d9fed297adfd9b7defe36afbc4e2b2b2c7febe94008e5dda6,a81:da25:2c7c:56ae:1081:7a16:9f8:3c35,Holdlamis,Room 525
493,78c879ac4cb3015cebd2d40eea56c6ed7d41add049967aa697c9807a51d2431a,651:fc6a:9c29:6a5b:aa50:8eac:a2e7:7908,Bitwolf,19th Floor
494,a34854bdd7dc144ece9476f3a06c788afddbf091d662e454cc0844659c36dff1,e005:9225:84e2:cc74:7e1:4956:91a6:a4fa,Wrapsafe,Suite 73
495,53c8c6eb5556198e951acac32a1fd0f25bf56b16c9a558d8bceeb8a93011e79c,41f8:7f6e:5c31:6b34:7fcd:c5ca:cbd5:7180,Flowdesk,Apt 428
496,f03e09c3aff870db53dc884f2214d5a1da354c74b91d12bea08a9a218badfb9d,8a52:d57f:71c1:aefe:8ee8:84dd:5f1:4b9,Transcof,Apt 370
497,87f685a4471f68b4e99d8dfda4d213cbd1ded9517d9723a4c85ee00496beee3c,f01d:bb27:aff8:3e31:6952:e0ab:fc36:7fc9,Zontrax,Suite 88
498,e44aaf47e849c76be0073b81da39eef0bdce5bf056d5598c727058e8e9fe7785,325:a060:d3e0:1433:1c13:8f3c:6f8e:3dc6,Treeflex,14th Floor
499,2ec1aac28f11edc9d98d1f9ee8c9f3b944ff04a914610e34c02f6388f6ceac6b,584c:d187:9505:27e5:6e2c:e5d3:4438:c011,Vagram,Apt 327
500,76260faa68cdeb74fad788542bc1f1706f0af75c1d16b5206e20b85dbb1a0643,c870:aaea:c7cf:5dc8:f750:8eed:2e72:c108,Duobam,Room 591
